molecule_id,condition,assay_id,activity_id,source_document,assay_description,relation,value_nM,potential_duplicate,data_validity_comment
CHEMBL1738797,WT,CHEMBL3748820,16426656,CHEMBL3745656,Inhibition of wild type EML4-ALK (unknown origin) expressed in mouse Ba/F3 cells assessed as cell viability after 72 hrs by MTS assay,=,2.0,0,
CHEMBL1738797,C1156Y,CHEMBL3748821,16426638,CHEMBL3745656,Inhibition of EML4-ALK C1156Y mutant (unknown origin) expressed in mouse Ba/F3 cells assessed as cell viability after 72 hrs by MTS assay,=,2.0,0,
CHEMBL1738797,F1174L,CHEMBL3748822,16427309,CHEMBL3745656,Inhibition of EML4-ALK F1174L mutant (unknown origin) expressed in mouse Ba/F3 cells assessed as cell viability after 72 hrs by MTS assay,=,3.0,0,
CHEMBL1738797,L1196M,CHEMBL3748823,16427291,CHEMBL3745656,Inhibition of EML4-ALK L1196M mutant (unknown origin) expressed in mouse Ba/F3 cells assessed as cell viability after 72 hrs by MTS assay,=,90.0,0,
CHEMBL1738797,L1152R,CHEMBL3748824,16427273,CHEMBL3745656,Inhibition of EML4-ALK L1152R mutant (unknown origin) expressed in mouse Ba/F3 cells assessed as cell viability after 72 hrs by MTS assay,=,169.0,0,
CHEMBL1738797,1151Tins,CHEMBL3748825,16426663,CHEMBL3745656,Inhibition of EML4-ALK 1151Tins mutant (unknown origin) expressed in mouse Ba/F3 cells assessed as cell viability after 72 hrs by MTS assay,=,72.0,0,
CHEMBL1738797,G1202R,CHEMBL3748826,16427322,CHEMBL3745656,Inhibition of EML4-ALK G1202R mutant (unknown origin) expressed in mouse Ba/F3 cells assessed as cell viability after 72 hrs by MTS assay,=,207.0,0,
CHEMBL1738797,G1269A,CHEMBL3748827,16427340,CHEMBL3745656,Inhibition of EML4-ALK G1269A mutant (unknown origin) expressed in mouse Ba/F3 cells assessed as cell viability after 72 hrs by MTS assay,=,9.0,0,
CHEMBL1738797,S1206Y,CHEMBL3748828,16427358,CHEMBL3745656,Inhibition of EML4-ALK S1206Y mutant (unknown origin) expressed in mouse Ba/F3 cells assessed as cell viability after 72 hrs by MTS assay,=,2.0,0,
CHEMBL1738797,parental_BaF3,CHEMBL3748829,16427376,CHEMBL3745656,Cytotoxicity against mouse BA/F3 cells assessed as cell viability after 72 hrs by MTS assay,>,1000.0,0,
CHEMBL2403108,WT,CHEMBL3748820,16426655,CHEMBL3745656,Inhibition of wild type EML4-ALK (unknown origin) expressed in mouse Ba/F3 cells assessed as cell viability after 72 hrs by MTS assay,=,41.0,0,
CHEMBL2403108,C1156Y,CHEMBL3748821,16426637,CHEMBL3745656,Inhibition of EML4-ALK C1156Y mutant (unknown origin) expressed in mouse Ba/F3 cells assessed as cell viability after 72 hrs by MTS assay,=,164.0,0,
CHEMBL2403108,F1174L,CHEMBL3748822,16427308,CHEMBL3745656,Inhibition of EML4-ALK F1174L mutant (unknown origin) expressed in mouse Ba/F3 cells assessed as cell viability after 72 hrs by MTS assay,=,101.0,0,
CHEMBL2403108,L1196M,CHEMBL3748823,16427290,CHEMBL3745656,Inhibition of EML4-ALK L1196M mutant (unknown origin) expressed in mouse Ba/F3 cells assessed as cell viability after 72 hrs by MTS assay,=,64.0,0,
CHEMBL2403108,L1152R,CHEMBL3748824,16427272,CHEMBL3745656,Inhibition of EML4-ALK L1152R mutant (unknown origin) expressed in mouse Ba/F3 cells assessed as cell viability after 72 hrs by MTS assay,=,2747.0,0,
CHEMBL2403108,1151Tins,CHEMBL3748825,16426662,CHEMBL3745656,Inhibition of EML4-ALK 1151Tins mutant (unknown origin) expressed in mouse Ba/F3 cells assessed as cell viability after 72 hrs by MTS assay,=,668.0,0,
CHEMBL2403108,G1202R,CHEMBL3748826,16427323,CHEMBL3745656,Inhibition of EML4-ALK G1202R mutant (unknown origin) expressed in mouse Ba/F3 cells assessed as cell viability after 72 hrs by MTS assay,=,444.0,0,
CHEMBL2403108,G1269A,CHEMBL3748827,16427341,CHEMBL3745656,Inhibition of EML4-ALK G1269A mutant (unknown origin) expressed in mouse Ba/F3 cells assessed as cell viability after 72 hrs by MTS assay,=,57.0,0,
CHEMBL2403108,S1206Y,CHEMBL3748828,16427359,CHEMBL3745656,Inhibition of EML4-ALK S1206Y mutant (unknown origin) expressed in mouse Ba/F3 cells assessed as cell viability after 72 hrs by MTS assay,=,33.0,0,
CHEMBL2403108,parental_BaF3,CHEMBL3748829,16427377,CHEMBL3745656,Cytotoxicity against mouse BA/F3 cells assessed as cell viability after 72 hrs by MTS assay,=,5512.0,0,
CHEMBL3397300,WT,CHEMBL3748820,16426654,CHEMBL3745656,Inhibition of wild type EML4-ALK (unknown origin) expressed in mouse Ba/F3 cells assessed as cell viability after 72 hrs by MTS assay,=,5.0,0,
CHEMBL3397300,C1156Y,CHEMBL3748821,16426636,CHEMBL3745656,Inhibition of EML4-ALK C1156Y mutant (unknown origin) expressed in mouse Ba/F3 cells assessed as cell viability after 72 hrs by MTS assay,=,3.0,0,
CHEMBL3397300,F1174L,CHEMBL3748822,16427307,CHEMBL3745656,Inhibition of EML4-ALK F1174L mutant (unknown origin) expressed in mouse Ba/F3 cells assessed as cell viability after 72 hrs by MTS assay,=,12.0,0,
CHEMBL3397300,L1196M,CHEMBL3748823,16427289,CHEMBL3745656,Inhibition of EML4-ALK L1196M mutant (unknown origin) expressed in mouse Ba/F3 cells assessed as cell viability after 72 hrs by MTS assay,=,3.0,0,
CHEMBL3397300,L1152R,CHEMBL3748824,16427271,CHEMBL3745656,Inhibition of EML4-ALK L1152R mutant (unknown origin) expressed in mouse Ba/F3 cells assessed as cell viability after 72 hrs by MTS assay,=,2300.0,0,
CHEMBL3397300,1151Tins,CHEMBL3748825,16426661,CHEMBL3745656,Inhibition of EML4-ALK 1151Tins mutant (unknown origin) expressed in mouse Ba/F3 cells assessed as cell viability after 72 hrs by MTS assay,=,142.0,0,
CHEMBL3397300,G1202R,CHEMBL3748826,16427324,CHEMBL3745656,Inhibition of EML4-ALK G1202R mutant (unknown origin) expressed in mouse Ba/F3 cells assessed as cell viability after 72 hrs by MTS assay,=,56.0,0,
CHEMBL3397300,G1269A,CHEMBL3748827,16427342,CHEMBL3745656,Inhibition of EML4-ALK G1269A mutant (unknown origin) expressed in mouse Ba/F3 cells assessed as cell viability after 72 hrs by MTS assay,=,2.0,0,
CHEMBL3397300,S1206Y,CHEMBL3748828,16427360,CHEMBL3745656,Inhibition of EML4-ALK S1206Y mutant (unknown origin) expressed in mouse Ba/F3 cells assessed as cell viability after 72 hrs by MTS assay,=,12.0,0,
CHEMBL3397300,parental_BaF3,CHEMBL3748829,16427378,CHEMBL3745656,Cytotoxicity against mouse BA/F3 cells assessed as cell viability after 72 hrs by MTS assay,=,1921.0,0,
CHEMBL3734844,WT,CHEMBL3748820,16426645,CHEMBL3745656,Inhibition of wild type EML4-ALK (unknown origin) expressed in mouse Ba/F3 cells assessed as cell viability after 72 hrs by MTS assay,=,78.0,0,
CHEMBL3734844,C1156Y,CHEMBL3748821,16426627,CHEMBL3745656,Inhibition of EML4-ALK C1156Y mutant (unknown origin) expressed in mouse Ba/F3 cells assessed as cell viability after 72 hrs by MTS assay,=,58.0,0,
CHEMBL3734844,F1174L,CHEMBL3748822,16427298,CHEMBL3745656,Inhibition of EML4-ALK F1174L mutant (unknown origin) expressed in mouse Ba/F3 cells assessed as cell viability after 72 hrs by MTS assay,=,105.0,0,
CHEMBL3734844,L1196M,CHEMBL3748823,16427280,CHEMBL3745656,Inhibition of EML4-ALK L1196M mutant (unknown origin) expressed in mouse Ba/F3 cells assessed as cell viability after 72 hrs by MTS assay,=,535.0,0,
CHEMBL3734844,L1152R,CHEMBL3748824,16427262,CHEMBL3745656,Inhibition of EML4-ALK L1152R mutant (unknown origin) expressed in mouse Ba/F3 cells assessed as cell viability after 72 hrs by MTS assay,=,781.0,0,
CHEMBL3734844,1151Tins,CHEMBL3748825,16427315,CHEMBL3745656,Inhibition of EML4-ALK 1151Tins mutant (unknown origin) expressed in mouse Ba/F3 cells assessed as cell viability after 72 hrs by MTS assay,=,620.0,0,
CHEMBL3734844,G1202R,CHEMBL3748826,16427333,CHEMBL3745656,Inhibition of EML4-ALK G1202R mutant (unknown origin) expressed in mouse Ba/F3 cells assessed as cell viability after 72 hrs by MTS assay,=,20.0,0,
CHEMBL3734844,G1269A,CHEMBL3748827,16427351,CHEMBL3745656,Inhibition of EML4-ALK G1269A mutant (unknown origin) expressed in mouse Ba/F3 cells assessed as cell viability after 72 hrs by MTS assay,=,177.0,0,
CHEMBL3734844,S1206Y,CHEMBL3748828,16427369,CHEMBL3745656,Inhibition of EML4-ALK S1206Y mutant (unknown origin) expressed in mouse Ba/F3 cells assessed as cell viability after 72 hrs by MTS assay,=,53.0,0,
CHEMBL3734844,parental_BaF3,CHEMBL3748829,16427387,CHEMBL3745656,Cytotoxicity against mouse BA/F3 cells assessed as cell viability after 72 hrs by MTS assay,=,924.0,0,
CHEMBL3735401,WT,CHEMBL3748820,16426639,CHEMBL3745656,Inhibition of wild type EML4-ALK (unknown origin) expressed in mouse Ba/F3 cells assessed as cell viability after 72 hrs by MTS assay,=,2.0,0,
CHEMBL3735401,C1156Y,CHEMBL3748821,16427310,CHEMBL3745656,Inhibition of EML4-ALK C1156Y mutant (unknown origin) expressed in mouse Ba/F3 cells assessed as cell viability after 72 hrs by MTS assay,=,2.0,0,
CHEMBL3735401,F1174L,CHEMBL3748822,16427292,CHEMBL3745656,Inhibition of EML4-ALK F1174L mutant (unknown origin) expressed in mouse Ba/F3 cells assessed as cell viability after 72 hrs by MTS assay,=,2.0,0,
CHEMBL3735401,L1196M,CHEMBL3748823,16427274,CHEMBL3745656,Inhibition of EML4-ALK L1196M mutant (unknown origin) expressed in mouse Ba/F3 cells assessed as cell viability after 72 hrs by MTS assay,=,58.0,0,
CHEMBL3735401,L1152R,CHEMBL3748824,16426664,CHEMBL3745656,Inhibition of EML4-ALK L1152R mutant (unknown origin) expressed in mouse Ba/F3 cells assessed as cell viability after 72 hrs by MTS assay,=,196.0,0,
CHEMBL3735401,1151Tins,CHEMBL3748825,16427321,CHEMBL3745656,Inhibition of EML4-ALK 1151Tins mutant (unknown origin) expressed in mouse Ba/F3 cells assessed as cell viability after 72 hrs by MTS assay,=,107.0,0,
CHEMBL3735401,G1202R,CHEMBL3748826,16427339,CHEMBL3745656,Inhibition of EML4-ALK G1202R mutant (unknown origin) expressed in mouse Ba/F3 cells assessed as cell viability after 72 hrs by MTS assay,=,2.0,0,
CHEMBL3735401,G1269A,CHEMBL3748827,16427357,CHEMBL3745656,Inhibition of EML4-ALK G1269A mutant (unknown origin) expressed in mouse Ba/F3 cells assessed as cell viability after 72 hrs by MTS assay,=,3.0,0,
CHEMBL3735401,S1206Y,CHEMBL3748828,16427375,CHEMBL3745656,Inhibition of EML4-ALK S1206Y mutant (unknown origin) expressed in mouse Ba/F3 cells assessed as cell viability after 72 hrs by MTS assay,=,2.0,0,
CHEMBL3735401,parental_BaF3,CHEMBL3748829,16427393,CHEMBL3745656,Cytotoxicity against mouse BA/F3 cells assessed as cell viability after 72 hrs by MTS assay,=,591.0,0,
CHEMBL3736273,WT,CHEMBL3748820,16426644,CHEMBL3745656,Inhibition of wild type EML4-ALK (unknown origin) expressed in mouse Ba/F3 cells assessed as cell viability after 72 hrs by MTS assay,=,40.0,0,
CHEMBL3736273,C1156Y,CHEMBL3748821,16426626,CHEMBL3745656,Inhibition of EML4-ALK C1156Y mutant (unknown origin) expressed in mouse Ba/F3 cells assessed as cell viability after 72 hrs by MTS assay,=,24.0,0,
CHEMBL3736273,F1174L,CHEMBL3748822,16427297,CHEMBL3745656,Inhibition of EML4-ALK F1174L mutant (unknown origin) expressed in mouse Ba/F3 cells assessed as cell viability after 72 hrs by MTS assay,=,87.0,0,
CHEMBL3736273,L1196M,CHEMBL3748823,16427279,CHEMBL3745656,Inhibition of EML4-ALK L1196M mutant (unknown origin) expressed in mouse Ba/F3 cells assessed as cell viability after 72 hrs by MTS assay,=,262.0,0,
CHEMBL3736273,L1152R,CHEMBL3748824,16427261,CHEMBL3745656,Inhibition of EML4-ALK L1152R mutant (unknown origin) expressed in mouse Ba/F3 cells assessed as cell viability after 72 hrs by MTS assay,=,297.0,0,
CHEMBL3736273,1151Tins,CHEMBL3748825,16427316,CHEMBL3745656,Inhibition of EML4-ALK 1151Tins mutant (unknown origin) expressed in mouse Ba/F3 cells assessed as cell viability after 72 hrs by MTS assay,=,161.0,0,
CHEMBL3736273,G1202R,CHEMBL3748826,16427334,CHEMBL3745656,Inhibition of EML4-ALK G1202R mutant (unknown origin) expressed in mouse Ba/F3 cells assessed as cell viability after 72 hrs by MTS assay,=,37.0,0,
CHEMBL3736273,G1269A,CHEMBL3748827,16427352,CHEMBL3745656,Inhibition of EML4-ALK G1269A mutant (unknown origin) expressed in mouse Ba/F3 cells assessed as cell viability after 72 hrs by MTS assay,=,146.0,0,
CHEMBL3736273,S1206Y,CHEMBL3748828,16427370,CHEMBL3745656,Inhibition of EML4-ALK S1206Y mutant (unknown origin) expressed in mouse Ba/F3 cells assessed as cell viability after 72 hrs by MTS assay,=,29.0,0,
CHEMBL3736273,parental_BaF3,CHEMBL3748829,16427388,CHEMBL3745656,Cytotoxicity against mouse BA/F3 cells assessed as cell viability after 72 hrs by MTS assay,=,768.0,0,
CHEMBL3746395,WT,CHEMBL3748820,16426649,CHEMBL3745656,Inhibition of wild type EML4-ALK (unknown origin) expressed in mouse Ba/F3 cells assessed as cell viability after 72 hrs by MTS assay,=,59.0,0,
CHEMBL3746395,C1156Y,CHEMBL3748821,16426631,CHEMBL3745656,Inhibition of EML4-ALK C1156Y mutant (unknown origin) expressed in mouse Ba/F3 cells assessed as cell viability after 72 hrs by MTS assay,=,116.0,0,
CHEMBL3746395,F1174L,CHEMBL3748822,16427302,CHEMBL3745656,Inhibition of EML4-ALK F1174L mutant (unknown origin) expressed in mouse Ba/F3 cells assessed as cell viability after 72 hrs by MTS assay,=,131.0,0,
CHEMBL3746395,L1196M,CHEMBL3748823,16427284,CHEMBL3745656,Inhibition of EML4-ALK L1196M mutant (unknown origin) expressed in mouse Ba/F3 cells assessed as cell viability after 72 hrs by MTS assay,=,634.0,0,
CHEMBL3746395,L1152R,CHEMBL3748824,16427266,CHEMBL3745656,Inhibition of EML4-ALK L1152R mutant (unknown origin) expressed in mouse Ba/F3 cells assessed as cell viability after 72 hrs by MTS assay,=,345.0,0,
CHEMBL3746395,1151Tins,CHEMBL3748825,16427311,CHEMBL3745656,Inhibition of EML4-ALK 1151Tins mutant (unknown origin) expressed in mouse Ba/F3 cells assessed as cell viability after 72 hrs by MTS assay,=,925.0,0,
CHEMBL3746395,G1202R,CHEMBL3748826,16427329,CHEMBL3745656,Inhibition of EML4-ALK G1202R mutant (unknown origin) expressed in mouse Ba/F3 cells assessed as cell viability after 72 hrs by MTS assay,=,82.0,0,
CHEMBL3746395,G1269A,CHEMBL3748827,16427347,CHEMBL3745656,Inhibition of EML4-ALK G1269A mutant (unknown origin) expressed in mouse Ba/F3 cells assessed as cell viability after 72 hrs by MTS assay,=,186.0,0,
CHEMBL3746395,S1206Y,CHEMBL3748828,16427365,CHEMBL3745656,Inhibition of EML4-ALK S1206Y mutant (unknown origin) expressed in mouse Ba/F3 cells assessed as cell viability after 72 hrs by MTS assay,=,728.0,0,
CHEMBL3746395,parental_BaF3,CHEMBL3748829,16427383,CHEMBL3745656,Cytotoxicity against mouse BA/F3 cells assessed as cell viability after 72 hrs by MTS assay,=,7324.0,0,
CHEMBL3746482,WT,CHEMBL3748820,16426651,CHEMBL3745656,Inhibition of wild type EML4-ALK (unknown origin) expressed in mouse Ba/F3 cells assessed as cell viability after 72 hrs by MTS assay,=,64.0,0,
CHEMBL3746482,C1156Y,CHEMBL3748821,16426633,CHEMBL3745656,Inhibition of EML4-ALK C1156Y mutant (unknown origin) expressed in mouse Ba/F3 cells assessed as cell viability after 72 hrs by MTS assay,=,59.0,0,
CHEMBL3746482,F1174L,CHEMBL3748822,16427304,CHEMBL3745656,Inhibition of EML4-ALK F1174L mutant (unknown origin) expressed in mouse Ba/F3 cells assessed as cell viability after 72 hrs by MTS assay,=,94.0,0,
CHEMBL3746482,L1196M,CHEMBL3748823,16427286,CHEMBL3745656,Inhibition of EML4-ALK L1196M mutant (unknown origin) expressed in mouse Ba/F3 cells assessed as cell viability after 72 hrs by MTS assay,=,422.0,0,
CHEMBL3746482,L1152R,CHEMBL3748824,16427268,CHEMBL3745656,Inhibition of EML4-ALK L1152R mutant (unknown origin) expressed in mouse Ba/F3 cells assessed as cell viability after 72 hrs by MTS assay,=,284.0,0,
CHEMBL3746482,1151Tins,CHEMBL3748825,16426658,CHEMBL3745656,Inhibition of EML4-ALK 1151Tins mutant (unknown origin) expressed in mouse Ba/F3 cells assessed as cell viability after 72 hrs by MTS assay,=,376.0,0,
CHEMBL3746482,G1202R,CHEMBL3748826,16427327,CHEMBL3745656,Inhibition of EML4-ALK G1202R mutant (unknown origin) expressed in mouse Ba/F3 cells assessed as cell viability after 72 hrs by MTS assay,=,22.0,0,
CHEMBL3746482,G1269A,CHEMBL3748827,16427345,CHEMBL3745656,Inhibition of EML4-ALK G1269A mutant (unknown origin) expressed in mouse Ba/F3 cells assessed as cell viability after 72 hrs by MTS assay,=,94.0,0,
CHEMBL3746482,S1206Y,CHEMBL3748828,16427363,CHEMBL3745656,Inhibition of EML4-ALK S1206Y mutant (unknown origin) expressed in mouse Ba/F3 cells assessed as cell viability after 72 hrs by MTS assay,=,60.0,0,
CHEMBL3746482,parental_BaF3,CHEMBL3748829,16427381,CHEMBL3745656,Cytotoxicity against mouse BA/F3 cells assessed as cell viability after 72 hrs by MTS assay,=,564.0,0,
CHEMBL3746522,WT,CHEMBL3748820,16426643,CHEMBL3745656,Inhibition of wild type EML4-ALK (unknown origin) expressed in mouse Ba/F3 cells assessed as cell viability after 72 hrs by MTS assay,=,2.0,0,
CHEMBL3746522,C1156Y,CHEMBL3748821,16426625,CHEMBL3745656,Inhibition of EML4-ALK C1156Y mutant (unknown origin) expressed in mouse Ba/F3 cells assessed as cell viability after 72 hrs by MTS assay,=,24.0,0,
CHEMBL3746522,F1174L,CHEMBL3748822,16427296,CHEMBL3745656,Inhibition of EML4-ALK F1174L mutant (unknown origin) expressed in mouse Ba/F3 cells assessed as cell viability after 72 hrs by MTS assay,=,54.0,0,
CHEMBL3746522,L1196M,CHEMBL3748823,16427278,CHEMBL3745656,Inhibition of EML4-ALK L1196M mutant (unknown origin) expressed in mouse Ba/F3 cells assessed as cell viability after 72 hrs by MTS assay,=,80.0,0,
CHEMBL3746522,L1152R,CHEMBL3748824,16426668,CHEMBL3745656,Inhibition of EML4-ALK L1152R mutant (unknown origin) expressed in mouse Ba/F3 cells assessed as cell viability after 72 hrs by MTS assay,=,548.0,0,
CHEMBL3746522,1151Tins,CHEMBL3748825,16427317,CHEMBL3745656,Inhibition of EML4-ALK 1151Tins mutant (unknown origin) expressed in mouse Ba/F3 cells assessed as cell viability after 72 hrs by MTS assay,=,77.0,0,
CHEMBL3746522,G1202R,CHEMBL3748826,16427335,CHEMBL3745656,Inhibition of EML4-ALK G1202R mutant (unknown origin) expressed in mouse Ba/F3 cells assessed as cell viability after 72 hrs by MTS assay,=,8.0,0,
CHEMBL3746522,G1269A,CHEMBL3748827,16427353,CHEMBL3745656,Inhibition of EML4-ALK G1269A mutant (unknown origin) expressed in mouse Ba/F3 cells assessed as cell viability after 72 hrs by MTS assay,=,11.0,0,
CHEMBL3746522,S1206Y,CHEMBL3748828,16427371,CHEMBL3745656,Inhibition of EML4-ALK S1206Y mutant (unknown origin) expressed in mouse Ba/F3 cells assessed as cell viability after 72 hrs by MTS assay,=,6.0,0,
CHEMBL3746522,parental_BaF3,CHEMBL3748829,16427389,CHEMBL3745656,Cytotoxicity against mouse BA/F3 cells assessed as cell viability after 72 hrs by MTS assay,=,1338.0,0,
CHEMBL3746665,WT,CHEMBL3748820,16426647,CHEMBL3745656,Inhibition of wild type EML4-ALK (unknown origin) expressed in mouse Ba/F3 cells assessed as cell viability after 72 hrs by MTS assay,=,2.0,0,
CHEMBL3746665,C1156Y,CHEMBL3748821,16426629,CHEMBL3745656,Inhibition of EML4-ALK C1156Y mutant (unknown origin) expressed in mouse Ba/F3 cells assessed as cell viability after 72 hrs by MTS assay,=,2.0,0,
CHEMBL3746665,F1174L,CHEMBL3748822,16427300,CHEMBL3745656,Inhibition of EML4-ALK F1174L mutant (unknown origin) expressed in mouse Ba/F3 cells assessed as cell viability after 72 hrs by MTS assay,=,2.0,0,
CHEMBL3746665,L1196M,CHEMBL3748823,16427282,CHEMBL3745656,Inhibition of EML4-ALK L1196M mutant (unknown origin) expressed in mouse Ba/F3 cells assessed as cell viability after 72 hrs by MTS assay,=,10.0,0,
CHEMBL3746665,L1152R,CHEMBL3748824,16427264,CHEMBL3745656,Inhibition of EML4-ALK L1152R mutant (unknown origin) expressed in mouse Ba/F3 cells assessed as cell viability after 72 hrs by MTS assay,=,695.0,0,
CHEMBL3746665,1151Tins,CHEMBL3748825,16427313,CHEMBL3745656,Inhibition of EML4-ALK 1151Tins mutant (unknown origin) expressed in mouse Ba/F3 cells assessed as cell viability after 72 hrs by MTS assay,=,53.0,0,
CHEMBL3746665,G1202R,CHEMBL3748826,16427331,CHEMBL3745656,Inhibition of EML4-ALK G1202R mutant (unknown origin) expressed in mouse Ba/F3 cells assessed as cell viability after 72 hrs by MTS assay,=,214.0,0,
CHEMBL3746665,G1269A,CHEMBL3748827,16427349,CHEMBL3745656,Inhibition of EML4-ALK G1269A mutant (unknown origin) expressed in mouse Ba/F3 cells assessed as cell viability after 72 hrs by MTS assay,=,3.0,0,
CHEMBL3746665,S1206Y,CHEMBL3748828,16427367,CHEMBL3745656,Inhibition of EML4-ALK S1206Y mutant (unknown origin) expressed in mouse Ba/F3 cells assessed as cell viability after 72 hrs by MTS assay,=,2.0,0,
CHEMBL3746665,parental_BaF3,CHEMBL3748829,16427385,CHEMBL3745656,Cytotoxicity against mouse BA/F3 cells assessed as cell viability after 72 hrs by MTS assay,=,6255.0,0,
CHEMBL3746678,WT,CHEMBL3748820,16426642,CHEMBL3745656,Inhibition of wild type EML4-ALK (unknown origin) expressed in mouse Ba/F3 cells assessed as cell viability after 72 hrs by MTS assay,=,14.0,0,
CHEMBL3746678,C1156Y,CHEMBL3748821,16426624,CHEMBL3745656,Inhibition of EML4-ALK C1156Y mutant (unknown origin) expressed in mouse Ba/F3 cells assessed as cell viability after 72 hrs by MTS assay,=,8.0,0,
CHEMBL3746678,F1174L,CHEMBL3748822,16427295,CHEMBL3745656,Inhibition of EML4-ALK F1174L mutant (unknown origin) expressed in mouse Ba/F3 cells assessed as cell viability after 72 hrs by MTS assay,=,19.0,0,
CHEMBL3746678,L1196M,CHEMBL3748823,16427277,CHEMBL3745656,Inhibition of EML4-ALK L1196M mutant (unknown origin) expressed in mouse Ba/F3 cells assessed as cell viability after 72 hrs by MTS assay,=,94.0,0,
CHEMBL3746678,L1152R,CHEMBL3748824,16426667,CHEMBL3745656,Inhibition of EML4-ALK L1152R mutant (unknown origin) expressed in mouse Ba/F3 cells assessed as cell viability after 72 hrs by MTS assay,=,286.0,0,
CHEMBL3746678,1151Tins,CHEMBL3748825,16427318,CHEMBL3745656,Inhibition of EML4-ALK 1151Tins mutant (unknown origin) expressed in mouse Ba/F3 cells assessed as cell viability after 72 hrs by MTS assay,=,67.0,0,
CHEMBL3746678,G1202R,CHEMBL3748826,16427336,CHEMBL3745656,Inhibition of EML4-ALK G1202R mutant (unknown origin) expressed in mouse Ba/F3 cells assessed as cell viability after 72 hrs by MTS assay,=,14.0,0,
CHEMBL3746678,G1269A,CHEMBL3748827,16427354,CHEMBL3745656,Inhibition of EML4-ALK G1269A mutant (unknown origin) expressed in mouse Ba/F3 cells assessed as cell viability after 72 hrs by MTS assay,=,23.0,0,
CHEMBL3746678,S1206Y,CHEMBL3748828,16427372,CHEMBL3745656,Inhibition of EML4-ALK S1206Y mutant (unknown origin) expressed in mouse Ba/F3 cells assessed as cell viability after 72 hrs by MTS assay,=,11.0,0,
CHEMBL3746678,parental_BaF3,CHEMBL3748829,16427390,CHEMBL3745656,Cytotoxicity against mouse BA/F3 cells assessed as cell viability after 72 hrs by MTS assay,=,831.0,0,
CHEMBL3746960,WT,CHEMBL3748820,16426646,CHEMBL3745656,Inhibition of wild type EML4-ALK (unknown origin) expressed in mouse Ba/F3 cells assessed as cell viability after 72 hrs by MTS assay,=,2.0,0,
CHEMBL3746960,C1156Y,CHEMBL3748821,16426628,CHEMBL3745656,Inhibition of EML4-ALK C1156Y mutant (unknown origin) expressed in mouse Ba/F3 cells assessed as cell viability after 72 hrs by MTS assay,=,9.0,0,
CHEMBL3746960,F1174L,CHEMBL3748822,16427299,CHEMBL3745656,Inhibition of EML4-ALK F1174L mutant (unknown origin) expressed in mouse Ba/F3 cells assessed as cell viability after 72 hrs by MTS assay,=,27.0,0,
CHEMBL3746960,L1196M,CHEMBL3748823,16427281,CHEMBL3745656,Inhibition of EML4-ALK L1196M mutant (unknown origin) expressed in mouse Ba/F3 cells assessed as cell viability after 72 hrs by MTS assay,=,199.0,0,
CHEMBL3746960,L1152R,CHEMBL3748824,16427263,CHEMBL3745656,Inhibition of EML4-ALK L1152R mutant (unknown origin) expressed in mouse Ba/F3 cells assessed as cell viability after 72 hrs by MTS assay,=,617.0,0,
CHEMBL3746960,1151Tins,CHEMBL3748825,16427314,CHEMBL3745656,Inhibition of EML4-ALK 1151Tins mutant (unknown origin) expressed in mouse Ba/F3 cells assessed as cell viability after 72 hrs by MTS assay,=,203.0,0,
CHEMBL3746960,G1202R,CHEMBL3748826,16427332,CHEMBL3745656,Inhibition of EML4-ALK G1202R mutant (unknown origin) expressed in mouse Ba/F3 cells assessed as cell viability after 72 hrs by MTS assay,=,478.0,0,
CHEMBL3746960,G1269A,CHEMBL3748827,16427350,CHEMBL3745656,Inhibition of EML4-ALK G1269A mutant (unknown origin) expressed in mouse Ba/F3 cells assessed as cell viability after 72 hrs by MTS assay,=,50.0,0,
CHEMBL3746960,S1206Y,CHEMBL3748828,16427368,CHEMBL3745656,Inhibition of EML4-ALK S1206Y mutant (unknown origin) expressed in mouse Ba/F3 cells assessed as cell viability after 72 hrs by MTS assay,=,2.0,0,
CHEMBL3746960,parental_BaF3,CHEMBL3748829,16427386,CHEMBL3745656,Cytotoxicity against mouse BA/F3 cells assessed as cell viability after 72 hrs by MTS assay,=,5646.0,0,
CHEMBL3747108,WT,CHEMBL3748820,16426640,CHEMBL3745656,Inhibition of wild type EML4-ALK (unknown origin) expressed in mouse Ba/F3 cells assessed as cell viability after 72 hrs by MTS assay,=,56.0,0,
CHEMBL3747108,C1156Y,CHEMBL3748821,16426622,CHEMBL3745656,Inhibition of EML4-ALK C1156Y mutant (unknown origin) expressed in mouse Ba/F3 cells assessed as cell viability after 72 hrs by MTS assay,=,58.0,0,
CHEMBL3747108,F1174L,CHEMBL3748822,16427293,CHEMBL3745656,Inhibition of EML4-ALK F1174L mutant (unknown origin) expressed in mouse Ba/F3 cells assessed as cell viability after 72 hrs by MTS assay,=,112.0,0,
CHEMBL3747108,L1196M,CHEMBL3748823,16427275,CHEMBL3745656,Inhibition of EML4-ALK L1196M mutant (unknown origin) expressed in mouse Ba/F3 cells assessed as cell viability after 72 hrs by MTS assay,=,483.0,0,
CHEMBL3747108,L1152R,CHEMBL3748824,16426665,CHEMBL3745656,Inhibition of EML4-ALK L1152R mutant (unknown origin) expressed in mouse Ba/F3 cells assessed as cell viability after 72 hrs by MTS assay,=,711.0,0,
CHEMBL3747108,1151Tins,CHEMBL3748825,16427320,CHEMBL3745656,Inhibition of EML4-ALK 1151Tins mutant (unknown origin) expressed in mouse Ba/F3 cells assessed as cell viability after 72 hrs by MTS assay,=,628.0,0,
CHEMBL3747108,G1202R,CHEMBL3748826,16427338,CHEMBL3745656,Inhibition of EML4-ALK G1202R mutant (unknown origin) expressed in mouse Ba/F3 cells assessed as cell viability after 72 hrs by MTS assay,=,25.0,0,
CHEMBL3747108,G1269A,CHEMBL3748827,16427356,CHEMBL3745656,Inhibition of EML4-ALK G1269A mutant (unknown origin) expressed in mouse Ba/F3 cells assessed as cell viability after 72 hrs by MTS assay,=,153.0,0,
CHEMBL3747108,S1206Y,CHEMBL3748828,16427374,CHEMBL3745656,Inhibition of EML4-ALK S1206Y mutant (unknown origin) expressed in mouse Ba/F3 cells assessed as cell viability after 72 hrs by MTS assay,=,59.0,0,
CHEMBL3747108,parental_BaF3,CHEMBL3748829,16427392,CHEMBL3745656,Cytotoxicity against mouse BA/F3 cells assessed as cell viability after 72 hrs by MTS assay,=,1647.0,0,
CHEMBL3747134,WT,CHEMBL3748820,16426650,CHEMBL3745656,Inhibition of wild type EML4-ALK (unknown origin) expressed in mouse Ba/F3 cells assessed as cell viability after 72 hrs by MTS assay,=,50.0,0,
CHEMBL3747134,C1156Y,CHEMBL3748821,16426632,CHEMBL3745656,Inhibition of EML4-ALK C1156Y mutant (unknown origin) expressed in mouse Ba/F3 cells assessed as cell viability after 72 hrs by MTS assay,=,91.0,0,
CHEMBL3747134,F1174L,CHEMBL3748822,16427303,CHEMBL3745656,Inhibition of EML4-ALK F1174L mutant (unknown origin) expressed in mouse Ba/F3 cells assessed as cell viability after 72 hrs by MTS assay,=,81.0,0,
CHEMBL3747134,L1196M,CHEMBL3748823,16427285,CHEMBL3745656,Inhibition of EML4-ALK L1196M mutant (unknown origin) expressed in mouse Ba/F3 cells assessed as cell viability after 72 hrs by MTS assay,=,273.0,0,
CHEMBL3747134,L1152R,CHEMBL3748824,16427267,CHEMBL3745656,Inhibition of EML4-ALK L1152R mutant (unknown origin) expressed in mouse Ba/F3 cells assessed as cell viability after 72 hrs by MTS assay,=,167.0,0,
CHEMBL3747134,1151Tins,CHEMBL3748825,16426657,CHEMBL3745656,Inhibition of EML4-ALK 1151Tins mutant (unknown origin) expressed in mouse Ba/F3 cells assessed as cell viability after 72 hrs by MTS assay,=,289.0,0,
CHEMBL3747134,G1202R,CHEMBL3748826,16427328,CHEMBL3745656,Inhibition of EML4-ALK G1202R mutant (unknown origin) expressed in mouse Ba/F3 cells assessed as cell viability after 72 hrs by MTS assay,=,32.0,0,
CHEMBL3747134,G1269A,CHEMBL3748827,16427346,CHEMBL3745656,Inhibition of EML4-ALK G1269A mutant (unknown origin) expressed in mouse Ba/F3 cells assessed as cell viability after 72 hrs by MTS assay,=,123.0,0,
CHEMBL3747134,S1206Y,CHEMBL3748828,16427364,CHEMBL3745656,Inhibition of EML4-ALK S1206Y mutant (unknown origin) expressed in mouse Ba/F3 cells assessed as cell viability after 72 hrs by MTS assay,=,55.0,0,
CHEMBL3747134,parental_BaF3,CHEMBL3748829,16427382,CHEMBL3745656,Cytotoxicity against mouse BA/F3 cells assessed as cell viability after 72 hrs by MTS assay,=,545.0,0,
CHEMBL3747267,WT,CHEMBL3748820,16426641,CHEMBL3745656,Inhibition of wild type EML4-ALK (unknown origin) expressed in mouse Ba/F3 cells assessed as cell viability after 72 hrs by MTS assay,=,6.0,0,
CHEMBL3747267,C1156Y,CHEMBL3748821,16426623,CHEMBL3745656,Inhibition of EML4-ALK C1156Y mutant (unknown origin) expressed in mouse Ba/F3 cells assessed as cell viability after 72 hrs by MTS assay,=,12.0,0,
CHEMBL3747267,F1174L,CHEMBL3748822,16427294,CHEMBL3745656,Inhibition of EML4-ALK F1174L mutant (unknown origin) expressed in mouse Ba/F3 cells assessed as cell viability after 72 hrs by MTS assay,=,14.0,0,
CHEMBL3747267,L1196M,CHEMBL3748823,16427276,CHEMBL3745656,Inhibition of EML4-ALK L1196M mutant (unknown origin) expressed in mouse Ba/F3 cells assessed as cell viability after 72 hrs by MTS assay,=,91.0,0,
CHEMBL3747267,L1152R,CHEMBL3748824,16426666,CHEMBL3745656,Inhibition of EML4-ALK L1152R mutant (unknown origin) expressed in mouse Ba/F3 cells assessed as cell viability after 72 hrs by MTS assay,=,219.0,0,
CHEMBL3747267,1151Tins,CHEMBL3748825,16427319,CHEMBL3745656,Inhibition of EML4-ALK 1151Tins mutant (unknown origin) expressed in mouse Ba/F3 cells assessed as cell viability after 72 hrs by MTS assay,=,115.0,0,
CHEMBL3747267,G1202R,CHEMBL3748826,16427337,CHEMBL3745656,Inhibition of EML4-ALK G1202R mutant (unknown origin) expressed in mouse Ba/F3 cells assessed as cell viability after 72 hrs by MTS assay,=,2.0,0,
CHEMBL3747267,G1269A,CHEMBL3748827,16427355,CHEMBL3745656,Inhibition of EML4-ALK G1269A mutant (unknown origin) expressed in mouse Ba/F3 cells assessed as cell viability after 72 hrs by MTS assay,=,39.0,0,
CHEMBL3747267,S1206Y,CHEMBL3748828,16427373,CHEMBL3745656,Inhibition of EML4-ALK S1206Y mutant (unknown origin) expressed in mouse Ba/F3 cells assessed as cell viability after 72 hrs by MTS assay,=,8.0,0,
CHEMBL3747267,parental_BaF3,CHEMBL3748829,16427391,CHEMBL3745656,Cytotoxicity against mouse BA/F3 cells assessed as cell viability after 72 hrs by MTS assay,=,577.0,0,
CHEMBL3747406,WT,CHEMBL3748820,16426652,CHEMBL3745656,Inhibition of wild type EML4-ALK (unknown origin) expressed in mouse Ba/F3 cells assessed as cell viability after 72 hrs by MTS assay,=,61.0,0,
CHEMBL3747406,C1156Y,CHEMBL3748821,16426634,CHEMBL3745656,Inhibition of EML4-ALK C1156Y mutant (unknown origin) expressed in mouse Ba/F3 cells assessed as cell viability after 72 hrs by MTS assay,=,150.0,0,
CHEMBL3747406,F1174L,CHEMBL3748822,16427305,CHEMBL3745656,Inhibition of EML4-ALK F1174L mutant (unknown origin) expressed in mouse Ba/F3 cells assessed as cell viability after 72 hrs by MTS assay,=,84.0,0,
CHEMBL3747406,L1196M,CHEMBL3748823,16427287,CHEMBL3745656,Inhibition of EML4-ALK L1196M mutant (unknown origin) expressed in mouse Ba/F3 cells assessed as cell viability after 72 hrs by MTS assay,=,370.0,0,
CHEMBL3747406,L1152R,CHEMBL3748824,16427269,CHEMBL3745656,Inhibition of EML4-ALK L1152R mutant (unknown origin) expressed in mouse Ba/F3 cells assessed as cell viability after 72 hrs by MTS assay,=,5750.0,0,
CHEMBL3747406,1151Tins,CHEMBL3748825,16426659,CHEMBL3745656,Inhibition of EML4-ALK 1151Tins mutant (unknown origin) expressed in mouse Ba/F3 cells assessed as cell viability after 72 hrs by MTS assay,=,4409.0,0,
CHEMBL3747406,G1202R,CHEMBL3748826,16427326,CHEMBL3745656,Inhibition of EML4-ALK G1202R mutant (unknown origin) expressed in mouse Ba/F3 cells assessed as cell viability after 72 hrs by MTS assay,=,21.0,0,
CHEMBL3747406,G1269A,CHEMBL3748827,16427344,CHEMBL3745656,Inhibition of EML4-ALK G1269A mutant (unknown origin) expressed in mouse Ba/F3 cells assessed as cell viability after 72 hrs by MTS assay,=,200.0,0,
CHEMBL3747406,S1206Y,CHEMBL3748828,16427362,CHEMBL3745656,Inhibition of EML4-ALK S1206Y mutant (unknown origin) expressed in mouse Ba/F3 cells assessed as cell viability after 72 hrs by MTS assay,=,104.0,0,
CHEMBL3747406,parental_BaF3,CHEMBL3748829,16427380,CHEMBL3745656,Cytotoxicity against mouse BA/F3 cells assessed as cell viability after 72 hrs by MTS assay,=,1651.0,0,
CHEMBL3747611,WT,CHEMBL3748820,16426648,CHEMBL3745656,Inhibition of wild type EML4-ALK (unknown origin) expressed in mouse Ba/F3 cells assessed as cell viability after 72 hrs by MTS assay,=,115.0,0,
CHEMBL3747611,C1156Y,CHEMBL3748821,16426630,CHEMBL3745656,Inhibition of EML4-ALK C1156Y mutant (unknown origin) expressed in mouse Ba/F3 cells assessed as cell viability after 72 hrs by MTS assay,=,177.0,0,
CHEMBL3747611,F1174L,CHEMBL3748822,16427301,CHEMBL3745656,Inhibition of EML4-ALK F1174L mutant (unknown origin) expressed in mouse Ba/F3 cells assessed as cell viability after 72 hrs by MTS assay,=,188.0,0,
CHEMBL3747611,L1196M,CHEMBL3748823,16427283,CHEMBL3745656,Inhibition of EML4-ALK L1196M mutant (unknown origin) expressed in mouse Ba/F3 cells assessed as cell viability after 72 hrs by MTS assay,=,629.0,0,
CHEMBL3747611,L1152R,CHEMBL3748824,16427265,CHEMBL3745656,Inhibition of EML4-ALK L1152R mutant (unknown origin) expressed in mouse Ba/F3 cells assessed as cell viability after 72 hrs by MTS assay,=,345.0,0,
CHEMBL3747611,1151Tins,CHEMBL3748825,16427312,CHEMBL3745656,Inhibition of EML4-ALK 1151Tins mutant (unknown origin) expressed in mouse Ba/F3 cells assessed as cell viability after 72 hrs by MTS assay,=,821.0,0,
CHEMBL3747611,G1202R,CHEMBL3748826,16427330,CHEMBL3745656,Inhibition of EML4-ALK G1202R mutant (unknown origin) expressed in mouse Ba/F3 cells assessed as cell viability after 72 hrs by MTS assay,=,80.0,0,
CHEMBL3747611,G1269A,CHEMBL3748827,16427348,CHEMBL3745656,Inhibition of EML4-ALK G1269A mutant (unknown origin) expressed in mouse Ba/F3 cells assessed as cell viability after 72 hrs by MTS assay,=,256.0,0,
CHEMBL3747611,S1206Y,CHEMBL3748828,16427366,CHEMBL3745656,Inhibition of EML4-ALK S1206Y mutant (unknown origin) expressed in mouse Ba/F3 cells assessed as cell viability after 72 hrs by MTS assay,=,1609.0,0,
CHEMBL3747611,parental_BaF3,CHEMBL3748829,16427384,CHEMBL3745656,Cytotoxicity against mouse BA/F3 cells assessed as cell viability after 72 hrs by MTS assay,=,3014.0,0,
CHEMBL601719,WT,CHEMBL3748820,16426653,CHEMBL3745656,Inhibition of wild type EML4-ALK (unknown origin) expressed in mouse Ba/F3 cells assessed as cell viability after 72 hrs by MTS assay,=,56.0,0,
CHEMBL601719,C1156Y,CHEMBL3748821,16426635,CHEMBL3745656,Inhibition of EML4-ALK C1156Y mutant (unknown origin) expressed in mouse Ba/F3 cells assessed as cell viability after 72 hrs by MTS assay,=,144.0,0,
CHEMBL601719,F1174L,CHEMBL3748822,16427306,CHEMBL3745656,Inhibition of EML4-ALK F1174L mutant (unknown origin) expressed in mouse Ba/F3 cells assessed as cell viability after 72 hrs by MTS assay,=,81.0,0,
CHEMBL601719,L1196M,CHEMBL3748823,16427288,CHEMBL3745656,Inhibition of EML4-ALK L1196M mutant (unknown origin) expressed in mouse Ba/F3 cells assessed as cell viability after 72 hrs by MTS assay,=,549.0,0,
CHEMBL601719,L1152R,CHEMBL3748824,16427270,CHEMBL3745656,Inhibition of EML4-ALK L1152R mutant (unknown origin) expressed in mouse Ba/F3 cells assessed as cell viability after 72 hrs by MTS assay,=,645.0,0,
CHEMBL601719,1151Tins,CHEMBL3748825,16426660,CHEMBL3745656,Inhibition of EML4-ALK 1151Tins mutant (unknown origin) expressed in mouse Ba/F3 cells assessed as cell viability after 72 hrs by MTS assay,=,857.0,0,
CHEMBL601719,G1202R,CHEMBL3748826,16427325,CHEMBL3745656,Inhibition of EML4-ALK G1202R mutant (unknown origin) expressed in mouse Ba/F3 cells assessed as cell viability after 72 hrs by MTS assay,=,328.0,0,
CHEMBL601719,G1269A,CHEMBL3748827,16427343,CHEMBL3745656,Inhibition of EML4-ALK G1269A mutant (unknown origin) expressed in mouse Ba/F3 cells assessed as cell viability after 72 hrs by MTS assay,=,512.0,0,
CHEMBL601719,S1206Y,CHEMBL3748828,16427361,CHEMBL3745656,Inhibition of EML4-ALK S1206Y mutant (unknown origin) expressed in mouse Ba/F3 cells assessed as cell viability after 72 hrs by MTS assay,=,65.0,0,
CHEMBL601719,parental_BaF3,CHEMBL3748829,16427379,CHEMBL3745656,Cytotoxicity against mouse BA/F3 cells assessed as cell viability after 72 hrs by MTS assay,=,927.0,0,
