pair,method,molecule_chembl_id,activity_id_first,activity_id_second,actual_pIC50_first,actual_pIC50_second,predicted_pIC50_first,predicted_pIC50_second,actual_delta_second_minus_first,predicted_delta_second_minus_first,n_training_molecules,n_raw_training_activity_records_available,ridge_alpha
JAK3_2019_ATP,average_pIC50,CHEMBL1650951,18957308,18957343,8.698970004336019,6.164309428507575,7.368393458141137,7.368393458141137,-2.534660575828444,0.0,19,38,1.0
JAK3_2019_ATP,discard_second_assay,CHEMBL1650951,18957308,18957343,8.698970004336019,6.164309428507575,8.426582579579078,8.426582579579078,-2.534660575828444,0.0,19,38,1.0
JAK3_2019_ATP,pool_no_context,CHEMBL1650951,18957308,18957343,8.698970004336019,6.164309428507575,7.368393458141137,7.368393458141137,-2.534660575828444,0.0,19,38,1.0
JAK3_2019_ATP,context_global_offset,CHEMBL1650951,18957308,18957343,8.698970004336019,6.164309428507575,8.511688420150392,6.225098496131882,-2.534660575828444,-2.28658992401851,19,38,1.0
JAK3_2019_ATP,context_structure_interaction,CHEMBL1650951,18957308,18957343,8.698970004336019,6.164309428507575,8.426582579579078,6.310204336703196,-2.534660575828444,-2.116378242875882,19,38,1.0
JAK3_2019_ATP,average_pIC50,CHEMBL221959,18957307,18957342,8.769551078621726,7.301029995663981,7.715276319554215,7.715276319554215,-1.4685210829577446,0.0,19,38,1.0
JAK3_2019_ATP,discard_second_assay,CHEMBL221959,18957307,18957342,8.769551078621726,7.301029995663981,8.898228182470444,8.898228182470444,-1.4685210829577446,0.0,19,38,1.0
JAK3_2019_ATP,pool_no_context,CHEMBL221959,18957307,18957342,8.769551078621726,7.301029995663981,7.715276319554215,7.715276319554215,-1.4685210829577446,0.0,19,38,1.0
JAK3_2019_ATP,context_global_offset,CHEMBL221959,18957307,18957342,8.769551078621726,7.301029995663981,8.886627584007435,6.543925055100995,-1.4685210829577446,-2.3427025289064405,19,38,1.0
JAK3_2019_ATP,context_structure_interaction,CHEMBL221959,18957307,18957342,8.769551078621726,7.301029995663981,8.898228182470442,6.532324456637989,-1.4685210829577446,-2.365903725832453,19,38,1.0
JAK3_2019_ATP,average_pIC50,CHEMBL4085457,18957309,18957344,9.397940008672036,6.694648630553376,7.335175746442276,7.335175746442276,-2.70329137811866,0.0,19,38,1.0
JAK3_2019_ATP,discard_second_assay,CHEMBL4085457,18957309,18957344,9.397940008672036,6.694648630553376,8.239594045517274,8.239594045517274,-2.70329137811866,0.0,19,38,1.0
JAK3_2019_ATP,pool_no_context,CHEMBL4085457,18957309,18957344,9.397940008672036,6.694648630553376,7.335175746442276,7.335175746442276,-2.70329137811866,0.0,19,38,1.0
JAK3_2019_ATP,context_global_offset,CHEMBL4085457,18957309,18957344,9.397940008672036,6.694648630553376,8.474033055759683,6.196318437124869,-2.70329137811866,-2.277714618634814,19,38,1.0
JAK3_2019_ATP,context_structure_interaction,CHEMBL4085457,18957309,18957344,9.397940008672036,6.694648630553376,8.239594045517274,6.430757447367279,-2.70329137811866,-1.8088365981499948,19,38,1.0
JAK3_2019_ATP,average_pIC50,CHEMBL4435664,18957310,18957345,8.823908740944319,6.2839966563652006,7.492761660047401,7.492761660047401,-2.539912084579118,0.0,19,38,1.0
JAK3_2019_ATP,discard_second_assay,CHEMBL4435664,18957310,18957345,8.823908740944319,6.2839966563652006,8.714174863283326,8.714174863283326,-2.539912084579118,0.0,19,38,1.0
JAK3_2019_ATP,pool_no_context,CHEMBL4435664,18957310,18957345,8.823908740944319,6.2839966563652006,7.492761660047401,7.492761660047401,-2.539912084579118,0.0,19,38,1.0
JAK3_2019_ATP,context_global_offset,CHEMBL4435664,18957310,18957345,8.823908740944319,6.2839966563652006,8.635918424457953,6.3496048956368485,-2.539912084579118,-2.286313528821105,19,38,1.0
JAK3_2019_ATP,context_structure_interaction,CHEMBL4435664,18957310,18957345,8.823908740944319,6.2839966563652006,8.714174863283327,6.2713484568114755,-2.539912084579118,-2.442826406471852,19,38,1.0
JAK3_2019_ATP,average_pIC50,CHEMBL4439785,18957322,18957357,7.721246399047171,6.149353764816933,7.483748107533777,7.483748107533777,-1.5718926342302382,0.0,19,38,1.0
JAK3_2019_ATP,discard_second_assay,CHEMBL4439785,18957322,18957357,7.721246399047171,6.149353764816933,8.60638057346326,8.60638057346326,-1.5718926342302382,0.0,19,38,1.0
JAK3_2019_ATP,pool_no_context,CHEMBL4439785,18957322,18957357,7.721246399047171,6.149353764816933,7.483748107533777,7.483748107533777,-1.5718926342302382,0.0,19,38,1.0
JAK3_2019_ATP,context_global_offset,CHEMBL4439785,18957322,18957357,7.721246399047171,6.149353764816933,8.652379068006143,6.315117147061411,-1.5718926342302382,-2.337261920944732,19,38,1.0
JAK3_2019_ATP,context_structure_interaction,CHEMBL4439785,18957322,18957357,7.721246399047171,6.149353764816933,8.60638057346326,6.361115641604293,-1.5718926342302382,-2.2452649318589675,19,38,1.0
JAK3_2019_ATP,average_pIC50,CHEMBL4441142,18957326,18957361,8.267606240177031,6.048176964684088,7.444540805228043,7.444540805228043,-2.219429275492943,0.0,19,38,1.0
JAK3_2019_ATP,discard_second_assay,CHEMBL4441142,18957326,18957361,8.267606240177031,6.048176964684088,8.680188896627028,8.680188896627028,-2.219429275492943,0.0,19,38,1.0
JAK3_2019_ATP,pool_no_context,CHEMBL4441142,18957326,18957361,8.267606240177031,6.048176964684088,7.444540805228043,7.444540805228043,-2.219429275492943,0.0,19,38,1.0
JAK3_2019_ATP,context_global_offset,CHEMBL4441142,18957326,18957361,8.267606240177031,6.048176964684088,8.596131327772444,6.292950282683644,-2.219429275492943,-2.3031810450887997,19,38,1.0
JAK3_2019_ATP,context_structure_interaction,CHEMBL4441142,18957326,18957361,8.267606240177031,6.048176964684088,8.680188896627028,6.208892713829059,-2.219429275492943,-2.4712961827979694,19,38,1.0
JAK3_2019_ATP,average_pIC50,CHEMBL4444087,18957325,18957360,8.55284196865778,6.087777943467584,7.186672361419907,7.186672361419907,-2.4650640251901965,0.0,19,38,1.0
JAK3_2019_ATP,discard_second_assay,CHEMBL4444087,18957325,18957360,8.55284196865778,6.087777943467584,8.26028480039217,8.26028480039217,-2.4650640251901965,0.0,19,38,1.0
JAK3_2019_ATP,pool_no_context,CHEMBL4444087,18957325,18957360,8.55284196865778,6.087777943467584,7.186672361419907,7.186672361419907,-2.4650640251901965,0.0,19,38,1.0
JAK3_2019_ATP,context_global_offset,CHEMBL4444087,18957325,18957360,8.55284196865778,6.087777943467584,8.331798811603853,6.0415459112359615,-2.4650640251901965,-2.290252900367892,19,38,1.0
JAK3_2019_ATP,context_structure_interaction,CHEMBL4444087,18957325,18957360,8.55284196865778,6.087777943467584,8.26028480039217,6.113059922447643,-2.4650640251901965,-2.1472248779445273,19,38,1.0
JAK3_2019_ATP,average_pIC50,CHEMBL4444559,18957315,18957350,7.67778070526608,5.432973633840939,7.455016987504544,7.455016987504544,-2.2448070714251402,0.0,19,38,1.0
JAK3_2019_ATP,discard_second_assay,CHEMBL4444559,18957315,18957350,7.67778070526608,5.432973633840939,8.759000864737652,8.759000864737652,-2.2448070714251402,0.0,19,38,1.0
JAK3_2019_ATP,pool_no_context,CHEMBL4444559,18957315,18957350,7.67778070526608,5.432973633840939,7.455016987504544,7.455016987504544,-2.2448070714251402,0.0,19,38,1.0
JAK3_2019_ATP,context_global_offset,CHEMBL4444559,18957315,18957350,7.67778070526608,5.432973633840939,8.605939673313886,6.304094301695201,-2.2448070714251402,-2.3018453716186844,19,38,1.0
JAK3_2019_ATP,context_structure_interaction,CHEMBL4444559,18957315,18957350,7.67778070526608,5.432973633840939,8.759000864737652,6.151033110271435,-2.2448070714251402,-2.607967754466218,19,38,1.0
JAK3_2019_ATP,average_pIC50,CHEMBL4450627,18957337,18957372,9.397940008672036,7.096910013008056,7.868552636301712,7.868552636301712,-2.3010299956639795,0.0,19,38,1.0
JAK3_2019_ATP,discard_second_assay,CHEMBL4450627,18957337,18957372,9.397940008672036,7.096910013008056,8.974150650813462,8.974150650813462,-2.3010299956639795,0.0,19,38,1.0
JAK3_2019_ATP,pool_no_context,CHEMBL4450627,18957337,18957372,9.397940008672036,7.096910013008056,7.868552636301712,7.868552636301712,-2.3010299956639795,0.0,19,38,1.0
JAK3_2019_ATP,context_global_offset,CHEMBL4450627,18957337,18957372,9.397940008672036,7.096910013008056,9.01799577147319,6.719109501130235,-2.3010299956639795,-2.2988862703429556,19,38,1.0
JAK3_2019_ATP,context_structure_interaction,CHEMBL4450627,18957337,18957372,9.397940008672036,7.096910013008056,8.974150650813463,6.762954621789961,-2.3010299956639795,-2.211196029023502,19,38,1.0
JAK3_2019_ATP,average_pIC50,CHEMBL4459688,18957327,18957362,8.1249387366083,6.187086643357144,7.47860358387632,7.47860358387632,-1.9378520932511556,0.0,19,38,1.0
JAK3_2019_ATP,discard_second_assay,CHEMBL4459688,18957327,18957362,8.1249387366083,6.187086643357144,8.74843525263926,8.74843525263926,-1.9378520932511556,0.0,19,38,1.0
JAK3_2019_ATP,pool_no_context,CHEMBL4459688,18957327,18957362,8.1249387366083,6.187086643357144,7.47860358387632,7.47860358387632,-1.9378520932511556,0.0,19,38,1.0
JAK3_2019_ATP,context_global_offset,CHEMBL4459688,18957327,18957362,8.1249387366083,6.187086643357144,8.637604032269188,6.319603135483453,-1.9378520932511556,-2.318000896785735,19,38,1.0
JAK3_2019_ATP,context_structure_interaction,CHEMBL4459688,18957327,18957362,8.1249387366083,6.187086643357144,8.748435252639263,6.2087719151133784,-1.9378520932511556,-2.5396633375258846,19,38,1.0
JAK3_2019_ATP,average_pIC50,CHEMBL4461890,18957324,18957359,8.698970004336019,6.2335871528876,7.37076645406678,7.37076645406678,-2.4653828514484184,0.0,19,38,1.0
JAK3_2019_ATP,discard_second_assay,CHEMBL4461890,18957324,18957359,8.698970004336019,6.2335871528876,8.521582881045722,8.521582881045722,-2.4653828514484184,0.0,19,38,1.0
JAK3_2019_ATP,pool_no_context,CHEMBL4461890,18957324,18957359,8.698970004336019,6.2335871528876,7.37076645406678,7.37076645406678,-2.4653828514484184,0.0,19,38,1.0
JAK3_2019_ATP,context_global_offset,CHEMBL4461890,18957324,18957359,8.698970004336019,6.2335871528876,8.515884514086036,6.225648394047525,-2.4653828514484184,-2.290236120038511,19,38,1.0
JAK3_2019_ATP,context_structure_interaction,CHEMBL4461890,18957324,18957359,8.698970004336019,6.2335871528876,8.521582881045724,6.219950027087838,-2.4653828514484184,-2.3016328539578863,19,38,1.0
JAK3_2019_ATP,average_pIC50,CHEMBL4463109,18957321,18957356,9.397940008672036,6.6777807052660805,7.145606396463539,7.145606396463539,-2.7201593034059552,0.0,19,38,1.0
JAK3_2019_ATP,discard_second_assay,CHEMBL4463109,18957321,18957356,9.397940008672036,6.6777807052660805,8.110148664275828,8.110148664275828,-2.7201593034059552,0.0,19,38,1.0
JAK3_2019_ATP,pool_no_context,CHEMBL4463109,18957321,18957356,9.397940008672036,6.6777807052660805,7.145606396463539,7.145606396463539,-2.7201593034059552,0.0,19,38,1.0
JAK3_2019_ATP,context_global_offset,CHEMBL4463109,18957321,18957356,9.397940008672036,6.6777807052660805,8.284019813010229,6.007192979916851,-2.7201593034059552,-2.276826833093378,19,38,1.0
JAK3_2019_ATP,context_structure_interaction,CHEMBL4463109,18957321,18957356,9.397940008672036,6.6777807052660805,8.11014866427583,6.18106412865125,-2.7201593034059552,-1.9290845356245798,19,38,1.0
JAK3_2019_ATP,average_pIC50,CHEMBL4464668,18957336,18957371,9.397940008672036,6.478861916295964,8.192869407345468,8.192869407345468,-2.919078092376072,0.0,19,38,1.0
JAK3_2019_ATP,discard_second_assay,CHEMBL4464668,18957336,18957371,9.397940008672036,6.478861916295964,9.757324355025288,9.757324355025288,-2.919078092376072,0.0,19,38,1.0
JAK3_2019_ATP,pool_no_context,CHEMBL4464668,18957336,18957371,9.397940008672036,6.478861916295964,8.192869407345468,8.192869407345468,-2.919078092376072,0.0,19,38,1.0
JAK3_2019_ATP,context_global_offset,CHEMBL4464668,18957336,18957371,9.397940008672036,6.478861916295964,9.326048118919259,7.0596906957716765,-2.919078092376072,-2.266357423147582,19,38,1.0
JAK3_2019_ATP,context_structure_interaction,CHEMBL4464668,18957336,18957371,9.397940008672036,6.478861916295964,9.75732435502529,6.628414459665645,-2.919078092376072,-3.1289098953596444,19,38,1.0
JAK3_2019_ATP,average_pIC50,CHEMBL4470305,18957335,18957370,8.366531544420413,6.346787486224656,8.05341534843375,8.05341534843375,-2.019744058195757,0.0,19,38,1.0
JAK3_2019_ATP,discard_second_assay,CHEMBL4470305,18957335,18957370,8.366531544420413,6.346787486224656,9.296104302718515,9.296104302718515,-2.019744058195757,0.0,19,38,1.0
JAK3_2019_ATP,pool_no_context,CHEMBL4470305,18957335,18957370,8.366531544420413,6.346787486224656,8.05341534843375,8.05341534843375,-2.019744058195757,0.0,19,38,1.0
JAK3_2019_ATP,context_global_offset,CHEMBL4470305,18957335,18957370,8.366531544420413,6.346787486224656,9.21026074511755,6.896569951749951,-2.019744058195757,-2.3136907933675985,19,38,1.0
JAK3_2019_ATP,context_structure_interaction,CHEMBL4470305,18957335,18957370,8.366531544420413,6.346787486224656,9.296104302718515,6.810726394148987,-2.019744058195757,-2.485377908569528,19,38,1.0
JAK3_2019_ATP,average_pIC50,CHEMBL4522075,18957328,18957363,8.397940008672037,6.1249387366083,7.562444523750262,7.562444523750262,-2.2730012720637376,0.0,19,38,1.0
JAK3_2019_ATP,discard_second_assay,CHEMBL4522075,18957328,18957363,8.397940008672037,6.1249387366083,8.82478222980594,8.82478222980594,-2.2730012720637376,0.0,19,38,1.0
JAK3_2019_ATP,pool_no_context,CHEMBL4522075,18957328,18957363,8.397940008672037,6.1249387366083,7.562444523750262,7.562444523750262,-2.2730012720637376,0.0,19,38,1.0
JAK3_2019_ATP,context_global_offset,CHEMBL4522075,18957328,18957363,8.397940008672037,6.1249387366083,8.71262525691122,6.4122637905893045,-2.2730012720637376,-2.300361466321916,19,38,1.0
JAK3_2019_ATP,context_structure_interaction,CHEMBL4522075,18957328,18957363,8.397940008672037,6.1249387366083,8.82478222980594,6.300106817694584,-2.2730012720637376,-2.524675412111357,19,38,1.0
JAK3_2019_ATP,average_pIC50,CHEMBL4533508,18957311,18957346,8.193820026016112,5.461426266193144,7.516516563914719,7.516516563914719,-2.732393759822968,0.0,19,38,1.0
JAK3_2019_ATP,discard_second_assay,CHEMBL4533508,18957311,18957346,8.193820026016112,5.461426266193144,8.865953638016219,8.865953638016219,-2.732393759822968,0.0,19,38,1.0
JAK3_2019_ATP,pool_no_context,CHEMBL4533508,18957311,18957346,8.193820026016112,5.461426266193144,7.516516563914719,7.516516563914719,-2.732393759822968,0.0,19,38,1.0
JAK3_2019_ATP,context_global_offset,CHEMBL4533508,18957311,18957346,8.193820026016112,5.461426266193144,8.654608021082012,6.378425106747425,-2.732393759822968,-2.276182914334587,19,38,1.0
JAK3_2019_ATP,context_structure_interaction,CHEMBL4533508,18957311,18957346,8.193820026016112,5.461426266193144,8.865953638016219,6.167079489813218,-2.732393759822968,-2.698874148203001,19,38,1.0
JAK3_2019_ATP,average_pIC50,CHEMBL4541648,18957341,18957376,8.221848749616356,6.6777807052660805,7.478232672949286,7.478232672949286,-1.5440680443502757,0.0,19,38,1.0
JAK3_2019_ATP,discard_second_assay,CHEMBL4541648,18957341,18957376,8.221848749616356,6.6777807052660805,8.180231339778778,8.180231339778778,-1.5440680443502757,0.0,19,38,1.0
JAK3_2019_ATP,pool_no_context,CHEMBL4541648,18957341,18957376,8.221848749616356,6.6777807052660805,7.478232672949286,7.478232672949286,-1.5440680443502757,0.0,19,38,1.0
JAK3_2019_ATP,context_global_offset,CHEMBL4541648,18957341,18957376,8.221848749616356,6.6777807052660805,8.647595859471124,6.308869486427447,-1.5440680443502757,-2.338726373043677,19,38,1.0
JAK3_2019_ATP,context_structure_interaction,CHEMBL4541648,18957341,18957376,8.221848749616356,6.6777807052660805,8.180231339778777,6.776234006119795,-1.5440680443502757,-1.4039973336589817,19,38,1.0
JAK3_2019_ATP,average_pIC50,CHEMBL4543011,18957323,18957358,9.096910013008056,6.673664139071249,7.353988183403846,7.353988183403846,-2.423245873936807,0.0,19,38,1.0
JAK3_2019_ATP,discard_second_assay,CHEMBL4543011,18957323,18957358,9.096910013008056,6.673664139071249,8.458938696098302,8.458938696098302,-2.423245873936807,0.0,19,38,1.0
JAK3_2019_ATP,pool_no_context,CHEMBL4543011,18957323,18957358,9.096910013008056,6.673664139071249,7.353988183403846,7.353988183403846,-2.423245873936807,0.0,19,38,1.0
JAK3_2019_ATP,context_global_offset,CHEMBL4543011,18957323,18957358,9.096910013008056,6.673664139071249,8.500215111252354,6.207761255555337,-2.423245873936807,-2.2924538556970164,19,38,1.0
JAK3_2019_ATP,context_structure_interaction,CHEMBL4543011,18957323,18957358,9.096910013008056,6.673664139071249,8.458938696098304,6.249037670709388,-2.423245873936807,-2.209901025388916,19,38,1.0
JAK3_2019_ATP,average_pIC50,CHEMBL4554336,18957340,18957375,7.568636235841012,6.0,7.029481408591498,7.029481408591498,-1.5686362358410122,0.0,19,38,1.0
JAK3_2019_ATP,discard_second_assay,CHEMBL4554336,18957340,18957375,7.568636235841012,6.0,7.993081229234031,7.993081229234031,-1.5686362358410122,0.0,19,38,1.0
JAK3_2019_ATP,pool_no_context,CHEMBL4554336,18957340,18957375,7.568636235841012,6.0,7.029481408591498,7.029481408591498,-1.5686362358410122,0.0,19,38,1.0
JAK3_2019_ATP,context_global_offset,CHEMBL4554336,18957340,18957375,7.568636235841012,6.0,8.198198063758317,5.860764753424679,-1.5686362358410122,-2.3374333103336387,19,38,1.0
JAK3_2019_ATP,context_structure_interaction,CHEMBL4554336,18957340,18957375,7.568636235841012,6.0,7.993081229234031,6.065881587948965,-1.5686362358410122,-1.9271996412850658,19,38,1.0
JAK3_2019_ATP,average_pIC50,CHEMBL4578121,18957317,18957352,9.221848749616356,5.8941493256148565,7.280661542532265,7.280661542532265,-3.3276994240014997,0.0,19,38,1.0
JAK3_2019_ATP,discard_second_assay,CHEMBL4578121,18957317,18957352,9.221848749616356,5.8941493256148565,8.798971954439168,8.798971954439168,-3.3276994240014997,0.0,19,38,1.0
JAK3_2019_ATP,pool_no_context,CHEMBL4578121,18957317,18957352,9.221848749616356,5.8941493256148565,7.280661542532265,7.280661542532265,-3.3276994240014997,0.0,19,38,1.0
JAK3_2019_ATP,context_global_offset,CHEMBL4578121,18957317,18957352,9.221848749616356,5.8941493256148565,8.403087061168545,6.158236023895985,-3.3276994240014997,-2.24485103727256,19,38,1.0
JAK3_2019_ATP,context_structure_interaction,CHEMBL4578121,18957317,18957352,9.221848749616356,5.8941493256148565,8.798971954439166,5.762351130625364,-3.3276994240014997,-3.036620823813802,19,38,1.0
JAK3_2017_ATP,average_pIC50,CHEMBL4062946,18020273,18020315,9.154901959985745,7.251811972993799,7.784076816641569,7.784076816641569,-1.9030899869919455,0.0,5,10,1.0
JAK3_2017_ATP,discard_second_assay,CHEMBL4062946,18020273,18020315,9.154901959985745,7.251811972993799,8.852725788116189,8.852725788116189,-1.9030899869919455,0.0,5,10,1.0
JAK3_2017_ATP,pool_no_context,CHEMBL4062946,18020273,18020315,9.154901959985745,7.251811972993799,7.784076816641569,7.784076816641569,-1.9030899869919455,0.0,5,10,1.0
JAK3_2017_ATP,context_global_offset,CHEMBL4062946,18020273,18020315,9.154901959985745,7.251811972993799,8.767703022624126,6.800450610659013,-1.9030899869919455,-1.967252411965113,5,10,1.0
JAK3_2017_ATP,context_structure_interaction,CHEMBL4062946,18020273,18020315,9.154901959985745,7.251811972993799,8.852725788116187,6.715427845166952,-1.9030899869919455,-2.1372979429492354,5,10,1.0
JAK3_2017_ATP,average_pIC50,CHEMBL4064018,18020270,18020312,9.397940008672036,7.327902142064282,7.652841066782997,7.652841066782997,-2.0700378666077537,0.0,5,10,1.0
JAK3_2017_ATP,discard_second_assay,CHEMBL4064018,18020270,18020312,9.397940008672036,7.327902142064282,8.585358562293456,8.585358562293456,-2.0700378666077537,0.0,5,10,1.0
JAK3_2017_ATP,pool_no_context,CHEMBL4064018,18020270,18020312,9.397940008672036,7.327902142064282,7.652841066782997,7.652841066782997,-2.0700378666077537,0.0,5,10,1.0
JAK3_2017_ATP,context_global_offset,CHEMBL4064018,18020270,18020312,9.397940008672036,7.327902142064282,8.619772484803974,6.6859096487620215,-2.0700378666077537,-1.9338628360419525,5,10,1.0
JAK3_2017_ATP,context_structure_interaction,CHEMBL4064018,18020270,18020312,9.397940008672036,7.327902142064282,8.585358562293456,6.720323571272539,-2.0700378666077537,-1.8650349910209165,5,10,1.0
JAK3_2017_ATP,average_pIC50,CHEMBL4083094,18020274,18020316,7.1249387366083,5.714442690992226,7.398189050102654,7.398189050102654,-1.4104960456160738,0.0,5,10,1.0
JAK3_2017_ATP,discard_second_assay,CHEMBL4083094,18020274,18020316,7.1249387366083,5.714442690992226,8.498155925888764,8.498155925888764,-1.4104960456160738,0.0,5,10,1.0
JAK3_2017_ATP,pool_no_context,CHEMBL4083094,18020274,18020316,7.1249387366083,5.714442690992226,7.398189050102654,7.398189050102654,-1.4104960456160738,0.0,5,10,1.0
JAK3_2017_ATP,context_global_offset,CHEMBL4083094,18020274,18020316,7.1249387366083,5.714442690992226,8.431074650222797,6.365303449982511,-1.4104960456160738,-2.0657712002402864,5,10,1.0
JAK3_2017_ATP,context_structure_interaction,CHEMBL4083094,18020274,18020316,7.1249387366083,5.714442690992226,8.498155925888765,6.298222174316543,-1.4104960456160738,-2.199933751572222,5,10,1.0
JAK3_2017_ATP,average_pIC50,CHEMBL4085457,18020317,18020309,9.522878745280336,7.481486060122112,8.198483360641907,8.198483360641907,-2.0413926851582236,0.0,5,10,1.0
JAK3_2017_ATP,discard_second_assay,CHEMBL4085457,18020317,18020309,9.522878745280336,7.481486060122112,9.105672005202733,9.105672005202733,-2.0413926851582236,0.0,5,10,1.0
JAK3_2017_ATP,pool_no_context,CHEMBL4085457,18020317,18020309,9.522878745280336,7.481486060122112,8.198483360641907,8.198483360641907,-2.0413926851582236,0.0,5,10,1.0
JAK3_2017_ATP,context_global_offset,CHEMBL4085457,18020317,18020309,9.522878745280336,7.481486060122112,9.168279296807835,7.228687424475978,-2.0413926851582236,-1.9395918723318575,5,10,1.0
JAK3_2017_ATP,context_structure_interaction,CHEMBL4085457,18020317,18020309,9.522878745280336,7.481486060122112,9.105672005202731,7.291294716081082,-2.0413926851582236,-1.8143772891216488,5,10,1.0
JAK3_2017_ATP,average_pIC50,CHEMBL4085582,18020271,18020313,9.522878745280336,7.537602002101044,7.521895221709111,7.521895221709111,-1.9852767431792913,0.0,5,10,1.0
JAK3_2017_ATP,discard_second_assay,CHEMBL4085582,18020271,18020313,9.522878745280336,7.537602002101044,8.529360460674507,8.529360460674507,-1.9852767431792913,0.0,5,10,1.0
JAK3_2017_ATP,pool_no_context,CHEMBL4085582,18020271,18020313,9.522878745280336,7.537602002101044,7.521895221709111,7.521895221709111,-1.9852767431792913,0.0,5,10,1.0
JAK3_2017_ATP,context_global_offset,CHEMBL4085582,18020271,18020313,9.522878745280336,7.537602002101044,8.497302752072933,6.546487691345289,-1.9852767431792913,-1.9508150607276438,5,10,1.0
JAK3_2017_ATP,context_structure_interaction,CHEMBL4085582,18020271,18020313,9.522878745280336,7.537602002101044,8.529360460674505,6.514429982743717,-1.9852767431792913,-2.014930477930788,5,10,1.0
JAK3_2017_ATP,average_pIC50,CHEMBL4090883,18020272,18020314,7.744727494896693,5.415668775632469,7.400796665529423,7.400796665529423,-2.329058719264224,0.0,5,10,1.0
JAK3_2017_ATP,discard_second_assay,CHEMBL4090883,18020272,18020314,7.744727494896693,5.415668775632469,8.243569646507833,8.243569646507833,-2.329058719264224,0.0,5,10,1.0
JAK3_2017_ATP,pool_no_context,CHEMBL4090883,18020272,18020314,7.744727494896693,5.415668775632469,7.400796665529423,7.400796665529423,-2.329058719264224,0.0,5,10,1.0
JAK3_2017_ATP,context_global_offset,CHEMBL4090883,18020272,18020314,7.744727494896693,5.415668775632469,8.341825998284753,6.459767332774095,-2.329058719264224,-1.882058665510658,5,10,1.0
JAK3_2017_ATP,context_structure_interaction,CHEMBL4090883,18020272,18020314,7.744727494896693,5.415668775632469,8.24356964650783,6.558023684551017,-2.329058719264224,-1.6855459619568123,5,10,1.0
renin_plasma_trypsin,average_pIC50,CHEMBL1639,3076310,3076309,9.187086643357144,9.275724130399212,8.054005098489519,8.054005098489519,0.08863748704206742,0.0,26,52,1.0
renin_plasma_trypsin,discard_second_assay,CHEMBL1639,3076310,3076309,9.187086643357144,9.275724130399212,7.350477233644937,7.350477233644937,0.08863748704206742,0.0,26,52,1.0
renin_plasma_trypsin,pool_no_context,CHEMBL1639,3076310,3076309,9.187086643357144,9.275724130399212,8.054005098489519,8.054005098489519,0.08863748704206742,0.0,26,52,1.0
renin_plasma_trypsin,context_global_offset,CHEMBL1639,3076310,3076309,9.187086643357144,9.275724130399212,7.650934781585909,8.45707541539313,0.08863748704206742,0.8061406338072201,26,52,1.0
renin_plasma_trypsin,context_structure_interaction,CHEMBL1639,3076310,3076309,9.187086643357144,9.275724130399212,7.350477233644937,8.7575329633341,0.08863748704206742,1.407055729689163,26,52,1.0
renin_plasma_trypsin,average_pIC50,CHEMBL496416,3076259,3076258,6.501689446210399,7.67778070526608,7.7333649369448265,7.7333649369448265,1.1760912590556805,0.0,26,52,1.0
renin_plasma_trypsin,discard_second_assay,CHEMBL496416,3076259,3076258,6.501689446210399,7.67778070526608,7.170488642712849,7.170488642712849,1.1760912590556805,0.0,26,52,1.0
renin_plasma_trypsin,pool_no_context,CHEMBL496416,3076259,3076258,6.501689446210399,7.67778070526608,7.7333649369448265,7.7333649369448265,1.1760912590556805,0.0,26,52,1.0
renin_plasma_trypsin,context_global_offset,CHEMBL496416,3076259,3076258,6.501689446210399,7.67778070526608,7.35120719257994,8.115522681309713,1.1760912590556805,0.764315488729773,26,52,1.0
renin_plasma_trypsin,context_structure_interaction,CHEMBL496416,3076259,3076258,6.501689446210399,7.67778070526608,7.170488642712849,8.296241231176804,1.1760912590556805,1.1257525884639552,26,52,1.0
renin_plasma_trypsin,average_pIC50,CHEMBL496430,3076257,3076256,7.886056647693163,9.327902142064282,7.691455323622357,7.691455323622357,1.441845494371119,0.0,26,52,1.0
renin_plasma_trypsin,discard_second_assay,CHEMBL496430,3076257,3076256,7.886056647693163,9.327902142064282,7.142233314768225,7.142233314768225,1.441845494371119,0.0,26,52,1.0
renin_plasma_trypsin,pool_no_context,CHEMBL496430,3076257,3076256,7.886056647693163,9.327902142064282,7.691455323622357,7.691455323622357,1.441845494371119,0.0,26,52,1.0
renin_plasma_trypsin,context_global_offset,CHEMBL496430,3076257,3076256,7.886056647693163,9.327902142064282,7.314408237628921,8.068502409615792,1.441845494371119,0.7540941719868712,26,52,1.0
renin_plasma_trypsin,context_structure_interaction,CHEMBL496430,3076257,3076256,7.886056647693163,9.327902142064282,7.142233314768225,8.240677332476489,1.441845494371119,1.098444017708264,26,52,1.0
renin_plasma_trypsin,average_pIC50,CHEMBL497821,3076402,3076339,6.349692476868063,7.397940008672037,7.592931118896115,7.592931118896115,1.0482475318039732,0.0,26,52,1.0
renin_plasma_trypsin,discard_second_assay,CHEMBL497821,3076402,3076339,6.349692476868063,7.397940008672037,7.418421708821608,7.418421708821608,1.0482475318039732,0.0,26,52,1.0
renin_plasma_trypsin,pool_no_context,CHEMBL497821,3076402,3076339,6.349692476868063,7.397940008672037,7.592931118896115,7.592931118896115,1.0482475318039732,0.0,26,52,1.0
renin_plasma_trypsin,context_global_offset,CHEMBL497821,3076402,3076339,6.349692476868063,7.397940008672037,7.2083148413148495,7.977547396477381,1.0482475318039732,0.7692325551625316,26,52,1.0
renin_plasma_trypsin,context_structure_interaction,CHEMBL497821,3076402,3076339,6.349692476868063,7.397940008672037,7.418421708821608,7.7674405289706225,1.0482475318039732,0.34901882014901453,26,52,1.0
renin_plasma_trypsin,average_pIC50,CHEMBL589399,3076261,3076260,7.795880017344075,8.886056647693163,7.502577655734484,7.502577655734484,1.090176630349088,0.0,26,52,1.0
renin_plasma_trypsin,discard_second_assay,CHEMBL589399,3076261,3076260,7.795880017344075,8.886056647693163,7.058640721346864,7.058640721346864,1.090176630349088,0.0,26,52,1.0
renin_plasma_trypsin,pool_no_context,CHEMBL589399,3076261,3076260,7.795880017344075,8.886056647693163,7.502577655734484,7.502577655734484,1.090176630349088,0.0,26,52,1.0
renin_plasma_trypsin,context_global_offset,CHEMBL589399,3076261,3076260,7.795880017344075,8.886056647693163,7.1187677069713935,7.886387604497575,1.090176630349088,0.7676198975261812,26,52,1.0
renin_plasma_trypsin,context_structure_interaction,CHEMBL589399,3076261,3076260,7.795880017344075,8.886056647693163,7.058640721346864,7.946514590122105,1.090176630349088,0.887873868775241,26,52,1.0
renin_plasma_trypsin,average_pIC50,CHEMBL589647,3076306,3076305,8.920818753952375,9.638272163982409,8.811250332942214,8.811250332942214,0.7174534100300338,0.0,26,52,1.0
renin_plasma_trypsin,discard_second_assay,CHEMBL589647,3076306,3076305,8.920818753952375,9.638272163982409,8.53588256023497,8.53588256023497,0.7174534100300338,0.0,26,52,1.0
renin_plasma_trypsin,pool_no_context,CHEMBL589647,3076306,3076305,8.920818753952375,9.638272163982409,8.811250332942214,8.811250332942214,0.7174534100300338,0.0,26,52,1.0
renin_plasma_trypsin,context_global_offset,CHEMBL589647,3076306,3076305,8.920818753952375,9.638272163982409,8.420272629942218,9.202228035942209,0.7174534100300338,0.7819554059999909,26,52,1.0
renin_plasma_trypsin,context_structure_interaction,CHEMBL589647,3076306,3076305,8.920818753952375,9.638272163982409,8.53588256023497,9.086618105649457,0.7174534100300338,0.5507355454144864,26,52,1.0
renin_plasma_trypsin,average_pIC50,CHEMBL590388,3076302,3076301,8.67778070526608,9.207608310501746,8.844604105287065,8.844604105287065,0.5298276052356652,0.0,26,52,1.0
renin_plasma_trypsin,discard_second_assay,CHEMBL590388,3076302,3076301,8.67778070526608,9.207608310501746,8.6209049124444,8.6209049124444,0.5298276052356652,0.0,26,52,1.0
renin_plasma_trypsin,pool_no_context,CHEMBL590388,3076302,3076301,8.67778070526608,9.207608310501746,8.844604105287065,8.844604105287065,0.5298276052356652,0.0,26,52,1.0
renin_plasma_trypsin,context_global_offset,CHEMBL590388,3076302,3076301,8.67778070526608,9.207608310501746,8.450018213733332,9.239189996840798,0.5298276052356652,0.7891717831074665,26,52,1.0
renin_plasma_trypsin,context_structure_interaction,CHEMBL590388,3076302,3076301,8.67778070526608,9.207608310501746,8.620904912444402,9.068303298129727,0.5298276052356652,0.4473983856853252,26,52,1.0
renin_plasma_trypsin,average_pIC50,CHEMBL590623,3076300,3076299,8.468521082957745,9.214670164989233,8.778183425875087,8.778183425875087,0.7461490820314882,0.0,26,52,1.0
renin_plasma_trypsin,discard_second_assay,CHEMBL590623,3076300,3076299,8.468521082957745,9.214670164989233,8.567852649386072,8.567852649386072,0.7461490820314882,0.0,26,52,1.0
renin_plasma_trypsin,pool_no_context,CHEMBL590623,3076300,3076299,8.468521082957745,9.214670164989233,8.778183425875087,8.778183425875087,0.7461490820314882,0.0,26,52,1.0
renin_plasma_trypsin,context_global_offset,CHEMBL590623,3076300,3076299,8.468521082957745,9.214670164989233,8.387757562721273,9.1686092890289,0.7461490820314882,0.7808517263076276,26,52,1.0
renin_plasma_trypsin,context_structure_interaction,CHEMBL590623,3076300,3076299,8.468521082957745,9.214670164989233,8.567852649386074,8.9885142023641,0.7461490820314882,0.4206615529780251,26,52,1.0
renin_plasma_trypsin,average_pIC50,CHEMBL590866,3076304,3076303,7.779891911959945,8.602059991327963,9.01958293406798,9.01958293406798,0.8221680793680175,0.0,26,52,1.0
renin_plasma_trypsin,discard_second_assay,CHEMBL590866,3076304,3076303,7.779891911959945,8.602059991327963,8.767108508287057,8.767108508287057,0.8221680793680175,0.0,26,52,1.0
renin_plasma_trypsin,pool_no_context,CHEMBL590866,3076304,3076303,7.779891911959945,8.602059991327963,9.01958293406798,9.01958293406798,0.8221680793680175,0.0,26,52,1.0
renin_plasma_trypsin,context_global_offset,CHEMBL590866,3076304,3076303,7.779891911959945,8.602059991327963,8.6306189747091,9.40854689342686,0.8221680793680175,0.7779279187177615,26,52,1.0
renin_plasma_trypsin,context_structure_interaction,CHEMBL590866,3076304,3076303,7.779891911959945,8.602059991327963,8.767108508287057,9.272057359848903,0.8221680793680175,0.5049488515618457,26,52,1.0
renin_plasma_trypsin,average_pIC50,CHEMBL590868,3076296,3076295,8.207608310501746,8.769551078621726,8.759465862059452,8.759465862059452,0.5619427681199802,0.0,26,52,1.0
renin_plasma_trypsin,discard_second_assay,CHEMBL590868,3076296,3076295,8.207608310501746,8.769551078621726,8.34954167527208,8.34954167527208,0.5619427681199802,0.0,26,52,1.0
renin_plasma_trypsin,pool_no_context,CHEMBL590868,3076296,3076295,8.207608310501746,8.769551078621726,8.759465862059452,8.759465862059452,0.5619427681199802,0.0,26,52,1.0
renin_plasma_trypsin,context_global_offset,CHEMBL590868,3076296,3076295,8.207608310501746,8.769551078621726,8.365497569791955,9.153434154326948,0.5619427681199802,0.787936584534993,26,52,1.0
renin_plasma_trypsin,context_structure_interaction,CHEMBL590868,3076296,3076295,8.207608310501746,8.769551078621726,8.349541675272082,9.169390048846822,0.5619427681199802,0.8198483735747395,26,52,1.0
renin_plasma_trypsin,average_pIC50,CHEMBL591104,3076294,3076293,7.744727494896693,8.67778070526608,8.529366160671103,8.529366160671103,0.9330532103693878,0.0,26,52,1.0
renin_plasma_trypsin,discard_second_assay,CHEMBL591104,3076294,3076293,7.744727494896693,8.67778070526608,8.023641367962073,8.023641367962073,0.9330532103693878,0.0,26,52,1.0
renin_plasma_trypsin,pool_no_context,CHEMBL591104,3076294,3076293,7.744727494896693,8.67778070526608,8.529366160671103,8.529366160671103,0.9330532103693878,0.0,26,52,1.0
renin_plasma_trypsin,context_global_offset,CHEMBL591104,3076294,3076293,7.744727494896693,8.67778070526608,8.142534607677634,8.916197713664571,0.9330532103693878,0.7736631059869374,26,52,1.0
renin_plasma_trypsin,context_structure_interaction,CHEMBL591104,3076294,3076293,7.744727494896693,8.67778070526608,8.023641367962076,9.035090953380129,0.9330532103693878,1.0114495854180525,26,52,1.0
renin_plasma_trypsin,average_pIC50,CHEMBL591105,3076292,3076291,8.113509274827518,9.060480747381382,8.466059890105397,8.466059890105397,0.946971472553864,0.0,26,52,1.0
renin_plasma_trypsin,discard_second_assay,CHEMBL591105,3076292,3076291,8.113509274827518,9.060480747381382,8.08854904519051,8.08854904519051,0.946971472553864,0.0,26,52,1.0
renin_plasma_trypsin,pool_no_context,CHEMBL591105,3076292,3076291,8.113509274827518,9.060480747381382,8.466059890105397,8.466059890105397,0.946971472553864,0.0,26,52,1.0
renin_plasma_trypsin,context_global_offset,CHEMBL591105,3076292,3076291,8.113509274827518,9.060480747381382,8.079495996000091,8.852623784210703,0.946971472553864,0.773127788210612,26,52,1.0
renin_plasma_trypsin,context_structure_interaction,CHEMBL591105,3076292,3076291,8.113509274827518,9.060480747381382,8.088549045190513,8.84357073502028,0.946971472553864,0.7550216898297677,26,52,1.0
renin_plasma_trypsin,average_pIC50,CHEMBL591340,3076290,3076289,8.481486060122112,9.236572006437065,8.780175655016334,8.780175655016334,0.7550859463149528,0.0,26,52,1.0
renin_plasma_trypsin,discard_second_assay,CHEMBL591340,3076290,3076289,8.481486060122112,9.236572006437065,8.411046276404614,8.411046276404614,0.7550859463149528,0.0,26,52,1.0
renin_plasma_trypsin,pool_no_context,CHEMBL591340,3076290,3076289,8.481486060122112,9.236572006437065,8.780175655016334,8.780175655016334,0.7550859463149528,0.0,26,52,1.0
renin_plasma_trypsin,context_global_offset,CHEMBL591340,3076290,3076289,8.481486060122112,9.236572006437065,8.389921654637202,9.170429655395466,0.7550859463149528,0.7805080007582639,26,52,1.0
renin_plasma_trypsin,context_structure_interaction,CHEMBL591340,3076290,3076289,8.481486060122112,9.236572006437065,8.411046276404614,9.149305033628055,0.7550859463149528,0.7382587572234414,26,52,1.0
renin_plasma_trypsin,average_pIC50,CHEMBL591341,3076286,3076285,8.537602002101044,8.931814138253838,8.659978981412433,8.659978981412433,0.3942121361527935,0.0,26,52,1.0
renin_plasma_trypsin,discard_second_assay,CHEMBL591341,3076286,3076285,8.537602002101044,8.931814138253838,8.235320491328993,8.235320491328993,0.3942121361527935,0.0,26,52,1.0
renin_plasma_trypsin,pool_no_context,CHEMBL591341,3076286,3076285,8.537602002101044,8.931814138253838,8.659978981412433,8.659978981412433,0.3942121361527935,0.0,26,52,1.0
renin_plasma_trypsin,context_global_offset,CHEMBL591341,3076286,3076285,8.537602002101044,8.931814138253838,8.262785100068644,9.057172862756222,0.3942121361527935,0.7943877626875775,26,52,1.0
renin_plasma_trypsin,context_structure_interaction,CHEMBL591341,3076286,3076285,8.537602002101044,8.931814138253838,8.235320491328995,9.08463747149587,0.3942121361527935,0.8493169801668756,26,52,1.0
renin_plasma_trypsin,average_pIC50,CHEMBL591342,3076284,3076283,8.397940008672037,9.327902142064282,8.767878598500548,8.767878598500548,0.9299621333922445,0.0,26,52,1.0
renin_plasma_trypsin,discard_second_assay,CHEMBL591342,3076284,3076283,8.397940008672037,9.327902142064282,8.525592785212549,8.525592785212549,0.9299621333922445,0.0,26,52,1.0
renin_plasma_trypsin,pool_no_context,CHEMBL591342,3076284,3076283,8.397940008672037,9.327902142064282,8.767878598500548,8.767878598500548,0.9299621333922445,0.0,26,52,1.0
renin_plasma_trypsin,context_global_offset,CHEMBL591342,3076284,3076283,8.397940008672037,9.327902142064282,8.380987601719058,9.154769595282039,0.9299621333922445,0.7737819935629808,26,52,1.0
renin_plasma_trypsin,context_structure_interaction,CHEMBL591342,3076284,3076283,8.397940008672037,9.327902142064282,8.52559278521255,9.010164411788546,0.9299621333922445,0.4845716265759954,26,52,1.0
renin_plasma_trypsin,average_pIC50,CHEMBL591578,3076280,3076279,9.086186147616283,9.318758762624412,9.050831770324498,9.050831770324498,0.2325726150081291,0.0,26,52,1.0
renin_plasma_trypsin,discard_second_assay,CHEMBL591578,3076280,3076279,9.086186147616283,9.318758762624412,8.743897535687669,8.743897535687669,0.2325726150081291,0.0,26,52,1.0
renin_plasma_trypsin,pool_no_context,CHEMBL591578,3076280,3076279,9.086186147616283,9.318758762624412,9.050831770324498,9.050831770324498,0.2325726150081291,0.0,26,52,1.0
renin_plasma_trypsin,context_global_offset,CHEMBL591578,3076280,3076279,9.086186147616283,9.318758762624412,8.650529436651004,9.451134103997992,0.2325726150081291,0.8006046673469882,26,52,1.0
renin_plasma_trypsin,context_structure_interaction,CHEMBL591578,3076280,3076279,9.086186147616283,9.318758762624412,8.743897535687669,9.357766004961327,0.2325726150081291,0.6138684692736582,26,52,1.0
renin_plasma_trypsin,average_pIC50,CHEMBL591579,3076278,3076277,6.769551078621726,7.853871964321762,8.179373564306012,8.179373564306012,1.084320885700036,0.0,26,52,1.0
renin_plasma_trypsin,discard_second_assay,CHEMBL591579,3076278,3076277,6.769551078621726,7.853871964321762,7.531831574514945,7.531831574514945,1.084320885700036,0.0,26,52,1.0
renin_plasma_trypsin,pool_no_context,CHEMBL591579,3076278,3076277,6.769551078621726,7.853871964321762,8.179373564306012,8.179373564306012,1.084320885700036,0.0,26,52,1.0
renin_plasma_trypsin,context_global_offset,CHEMBL591579,3076278,3076277,6.769551078621726,7.853871964321762,7.795451005068902,8.563296123543122,1.084320885700036,0.7678451184742201,26,52,1.0
renin_plasma_trypsin,context_structure_interaction,CHEMBL591579,3076278,3076277,6.769551078621726,7.853871964321762,7.531831574514947,8.826915554097077,1.084320885700036,1.29508397958213,26,52,1.0
renin_plasma_trypsin,average_pIC50,CHEMBL591813,3076274,3076273,6.527243550682788,7.337242168318426,7.7055959397926115,7.7055959397926115,0.809998617635638,0.0,26,52,1.0
renin_plasma_trypsin,discard_second_assay,CHEMBL591813,3076274,3076273,6.527243550682788,7.337242168318426,7.177712991451704,7.177712991451704,0.809998617635638,0.0,26,52,1.0
renin_plasma_trypsin,pool_no_context,CHEMBL591813,3076274,3076273,6.527243550682788,7.337242168318426,7.7055959397926115,7.7055959397926115,0.809998617635638,0.0,26,52,1.0
renin_plasma_trypsin,context_global_offset,CHEMBL591813,3076274,3076273,6.527243550682788,7.337242168318426,7.316397952323493,8.09479392726173,0.809998617635638,0.7783959749382365,26,52,1.0
renin_plasma_trypsin,context_structure_interaction,CHEMBL591813,3076274,3076273,6.527243550682788,7.337242168318426,7.177712991451706,8.233478888133517,0.809998617635638,1.0557658966818106,26,52,1.0
renin_plasma_trypsin,average_pIC50,CHEMBL592047,3076271,3076270,6.85078088734462,7.337242168318426,7.723729381473783,7.723729381473783,0.48646128097380537,0.0,26,52,1.0
renin_plasma_trypsin,discard_second_assay,CHEMBL592047,3076271,3076270,6.85078088734462,7.337242168318426,7.229182091456925,7.229182091456925,0.48646128097380537,0.0,26,52,1.0
renin_plasma_trypsin,pool_no_context,CHEMBL592047,3076271,3076270,6.85078088734462,7.337242168318426,7.723729381473783,7.723729381473783,0.48646128097380537,0.0,26,52,1.0
renin_plasma_trypsin,context_global_offset,CHEMBL592047,3076271,3076270,6.85078088734462,7.337242168318426,7.3283095221457835,8.119149240801782,0.48646128097380537,0.7908397186559988,26,52,1.0
renin_plasma_trypsin,context_structure_interaction,CHEMBL592047,3076271,3076270,6.85078088734462,7.337242168318426,7.229182091456926,8.21827667149064,0.48646128097380537,0.9890945800337141,26,52,1.0
renin_plasma_trypsin,average_pIC50,CHEMBL592048,3076269,3076268,6.698970004336019,7.508638306165727,7.776352683638954,7.776352683638954,0.8096683018297082,0.0,26,52,1.0
renin_plasma_trypsin,discard_second_assay,CHEMBL592048,3076269,3076268,6.698970004336019,7.508638306165727,7.30169113759048,7.30169113759048,0.8096683018297082,0.0,26,52,1.0
renin_plasma_trypsin,pool_no_context,CHEMBL592048,3076269,3076268,6.698970004336019,7.508638306165727,7.776352683638954,7.776352683638954,0.8096683018297082,0.0,26,52,1.0
renin_plasma_trypsin,context_global_offset,CHEMBL592048,3076269,3076268,6.698970004336019,7.508638306165727,7.3871483439427985,8.16555702333511,0.8096683018297082,0.7784086793923111,26,52,1.0
renin_plasma_trypsin,context_structure_interaction,CHEMBL592048,3076269,3076268,6.698970004336019,7.508638306165727,7.301691137590485,8.251014229687422,0.8096683018297082,0.9493230920969378,26,52,1.0
renin_plasma_trypsin,average_pIC50,CHEMBL592762,3076282,3076281,8.744727494896694,9.229147988357855,8.830587783917785,8.830587783917785,0.4844204934611618,0.0,26,52,1.0
renin_plasma_trypsin,discard_second_assay,CHEMBL592762,3076282,3076281,8.744727494896694,9.229147988357855,8.58586907326334,8.58586907326334,0.4844204934611618,0.0,26,52,1.0
renin_plasma_trypsin,pool_no_context,CHEMBL592762,3076282,3076281,8.744727494896694,9.229147988357855,8.830587783917785,8.830587783917785,0.4844204934611618,0.0,26,52,1.0
renin_plasma_trypsin,context_global_offset,CHEMBL592762,3076282,3076281,8.744727494896694,9.229147988357855,8.435128678676081,9.22604688915949,0.4844204934611618,0.790918210483408,26,52,1.0
renin_plasma_trypsin,context_structure_interaction,CHEMBL592762,3076282,3076281,8.744727494896694,9.229147988357855,8.58586907326334,9.075306494572231,0.4844204934611618,0.48943742130889234,26,52,1.0
renin_plasma_trypsin,average_pIC50,CHEMBL592763,3076276,3076275,8.431798275933005,9.744727494896694,8.223200849372516,8.223200849372516,1.3129292189636885,0.0,26,52,1.0
renin_plasma_trypsin,discard_second_assay,CHEMBL592763,3076276,3076275,8.431798275933005,9.744727494896694,7.815530573589121,7.815530573589121,1.3129292189636885,0.0,26,52,1.0
renin_plasma_trypsin,pool_no_context,CHEMBL592763,3076276,3076275,8.431798275933005,9.744727494896694,8.223200849372516,8.223200849372516,1.3129292189636885,0.0,26,52,1.0
renin_plasma_trypsin,context_global_offset,CHEMBL592763,3076276,3076275,8.431798275933005,9.744727494896694,7.84367460423663,8.602727094508403,1.3129292189636885,0.759052490271773,26,52,1.0
renin_plasma_trypsin,context_structure_interaction,CHEMBL592763,3076276,3076275,8.431798275933005,9.744727494896694,7.815530573589122,8.63087112515591,1.3129292189636885,0.8153405515667878,26,52,1.0
renin_plasma_trypsin,average_pIC50,CHEMBL592765,3076308,3076307,8.823908740944319,9.2839966563652,9.346723876386028,9.346723876386028,0.4600879154208819,0.0,26,52,1.0
renin_plasma_trypsin,discard_second_assay,CHEMBL592765,3076308,3076307,8.823908740944319,9.2839966563652,9.025649651469525,9.025649651469525,0.4600879154208819,0.0,26,52,1.0
renin_plasma_trypsin,pool_no_context,CHEMBL592765,3076308,3076307,8.823908740944319,9.2839966563652,9.346723876386028,9.346723876386028,0.4600879154208819,0.0,26,52,1.0
renin_plasma_trypsin,context_global_offset,CHEMBL592765,3076308,3076307,8.823908740944319,9.2839966563652,8.950796836951241,9.742650915820814,0.4600879154208819,0.7918540788695729,26,52,1.0
renin_plasma_trypsin,context_structure_interaction,CHEMBL592765,3076308,3076307,8.823908740944319,9.2839966563652,9.025649651469525,9.66779810130253,0.4600879154208819,0.6421484498330052,26,52,1.0
renin_plasma_trypsin,average_pIC50,CHEMBL604248,3076263,3076262,7.67778070526608,8.823908740944319,7.255897344996913,7.255897344996913,1.146128035678239,0.0,26,52,1.0
renin_plasma_trypsin,discard_second_assay,CHEMBL604248,3076263,3076262,7.67778070526608,8.823908740944319,6.799117428335126,6.799117428335126,1.146128035678239,0.0,26,52,1.0
renin_plasma_trypsin,pool_no_context,CHEMBL604248,3076263,3076262,7.67778070526608,8.823908740944319,7.255897344996913,7.255897344996913,1.146128035678239,0.0,26,52,1.0
renin_plasma_trypsin,context_global_offset,CHEMBL604248,3076263,3076262,7.67778070526608,8.823908740944319,6.873163384797845,7.638631305195981,1.146128035678239,0.7654679203981356,26,52,1.0
renin_plasma_trypsin,context_structure_interaction,CHEMBL604248,3076263,3076262,7.67778070526608,8.823908740944319,6.799117428335127,7.7126772616586985,1.146128035678239,0.9135598333235713,26,52,1.0
renin_plasma_trypsin,average_pIC50,CHEMBL605408,3076288,3076287,8.585026652029182,9.318758762624412,9.001409902189213,9.001409902189213,0.7337321105952306,0.0,26,52,1.0
renin_plasma_trypsin,discard_second_assay,CHEMBL605408,3076288,3076287,8.585026652029182,9.318758762624412,8.668101596379232,8.668101596379232,0.7337321105952306,0.0,26,52,1.0
renin_plasma_trypsin,pool_no_context,CHEMBL605408,3076288,3076287,8.585026652029182,9.318758762624412,9.001409902189213,9.001409902189213,0.7337321105952306,0.0,26,52,1.0
renin_plasma_trypsin,context_global_offset,CHEMBL605408,3076288,3076287,8.585026652029182,9.318758762624412,8.610745251123165,9.392074553255261,0.7337321105952306,0.7813293021320966,26,52,1.0
renin_plasma_trypsin,context_structure_interaction,CHEMBL605408,3076288,3076287,8.585026652029182,9.318758762624412,8.668101596379232,9.334718207999193,0.7337321105952306,0.6666166116199612,26,52,1.0
renin_plasma_trypsin,average_pIC50,CHEMBL606238,3076298,3076297,8.568636235841012,9.207608310501746,8.81123362916274,8.81123362916274,0.6389720746607335,0.0,26,52,1.0
renin_plasma_trypsin,discard_second_assay,CHEMBL606238,3076298,3076297,8.568636235841012,9.207608310501746,8.44588795699133,8.44588795699133,0.6389720746607335,0.0,26,52,1.0
renin_plasma_trypsin,pool_no_context,CHEMBL606238,3076298,3076297,8.568636235841012,9.207608310501746,8.81123362916274,8.81123362916274,0.6389720746607335,0.0,26,52,1.0
renin_plasma_trypsin,context_global_offset,CHEMBL606238,3076298,3076297,8.568636235841012,9.207608310501746,8.418746669713334,9.203720588612144,0.6389720746607335,0.7849739188988103,26,52,1.0
renin_plasma_trypsin,context_structure_interaction,CHEMBL606238,3076298,3076297,8.568636235841012,9.207608310501746,8.445887956991331,9.176579301334147,0.6389720746607335,0.7306913443428158,26,52,1.0
renin_plasma_trypsin,average_pIC50,CHEMBL608264,3076266,3076265,7.102372908709558,7.769551078621726,7.8464191235076575,7.8464191235076575,0.6671781699121677,0.0,26,52,1.0
renin_plasma_trypsin,discard_second_assay,CHEMBL608264,3076266,3076265,7.102372908709558,7.769551078621726,7.349033565592503,7.349033565592503,0.6671781699121677,0.0,26,52,1.0
renin_plasma_trypsin,pool_no_context,CHEMBL608264,3076266,3076265,7.102372908709558,7.769551078621726,7.8464191235076575,7.8464191235076575,0.6671781699121677,0.0,26,52,1.0
renin_plasma_trypsin,context_global_offset,CHEMBL608264,3076266,3076265,7.102372908709558,7.769551078621726,7.454474588966934,8.23836365804838,0.6671781699121677,0.7838890690814457,26,52,1.0
renin_plasma_trypsin,context_structure_interaction,CHEMBL608264,3076266,3076265,7.102372908709558,7.769551078621726,7.349033565592506,8.343804681422808,0.6671781699121677,0.9947711158303028,26,52,1.0
KDR_HTRF_cell,average_pIC50,CHEMBL1614709,10986018,10986086,7.022276394711152,7.721246399047171,8.028049558205721,8.028049558205721,0.6989700043360187,0.0,15,30,1.0
KDR_HTRF_cell,discard_second_assay,CHEMBL1614709,10986018,10986086,7.022276394711152,7.721246399047171,8.207416973744412,8.207416973744412,0.6989700043360187,0.0,15,30,1.0
KDR_HTRF_cell,pool_no_context,CHEMBL1614709,10986018,10986086,7.022276394711152,7.721246399047171,8.028049558205721,8.028049558205721,0.6989700043360187,0.0,15,30,1.0
KDR_HTRF_cell,context_global_offset,CHEMBL1614709,10986018,10986086,7.022276394711152,7.721246399047171,8.350629823395563,7.705469293015878,0.6989700043360187,-0.6451605303796848,15,30,1.0
KDR_HTRF_cell,context_structure_interaction,CHEMBL1614709,10986018,10986086,7.022276394711152,7.721246399047171,8.207416973744412,7.84868214266703,0.6989700043360187,-0.35873483107738124,15,30,1.0
KDR_HTRF_cell,average_pIC50,CHEMBL1980297,10986017,10986085,8.698970004336019,8.522878745280337,7.392432127342166,7.392432127342166,-0.17609125905568135,0.0,15,30,1.0
KDR_HTRF_cell,discard_second_assay,CHEMBL1980297,10986017,10986085,8.698970004336019,8.522878745280337,7.512137965565444,7.512137965565444,-0.17609125905568135,0.0,15,30,1.0
KDR_HTRF_cell,pool_no_context,CHEMBL1980297,10986017,10986085,8.698970004336019,8.522878745280337,7.392432127342166,7.392432127342166,-0.17609125905568135,0.0,15,30,1.0
KDR_HTRF_cell,context_global_offset,CHEMBL1980297,10986017,10986085,8.698970004336019,8.522878745280337,7.685843683752285,7.099020570932046,-0.17609125905568135,-0.5868231128202392,15,30,1.0
KDR_HTRF_cell,context_structure_interaction,CHEMBL1980297,10986017,10986085,8.698970004336019,8.522878745280337,7.512137965565442,7.272726289118889,-0.17609125905568135,-0.2394116764465526,15,30,1.0
KDR_HTRF_cell,average_pIC50,CHEMBL2071200,10986025,10986093,7.920818753952375,7.455931955649724,7.557715396212363,7.557715396212363,-0.46488679830265056,0.0,15,30,1.0
KDR_HTRF_cell,discard_second_assay,CHEMBL2071200,10986025,10986093,7.920818753952375,7.455931955649724,7.364236536444769,7.364236536444769,-0.46488679830265056,0.0,15,30,1.0
KDR_HTRF_cell,pool_no_context,CHEMBL2071200,10986025,10986093,7.920818753952375,7.455931955649724,7.557715396212363,7.557715396212363,-0.46488679830265056,0.0,15,30,1.0
KDR_HTRF_cell,context_global_offset,CHEMBL2071200,10986025,10986093,7.920818753952375,7.455931955649724,7.841500434647584,7.273930357777143,-0.46488679830265056,-0.5675700768704406,15,30,1.0
KDR_HTRF_cell,context_structure_interaction,CHEMBL2071200,10986025,10986093,7.920818753952375,7.455931955649724,7.364236536444768,7.751194255979959,-0.46488679830265056,0.3869577195351912,15,30,1.0
KDR_HTRF_cell,average_pIC50,CHEMBL2071201,10986026,10986094,7.886056647693163,8.045757490560675,7.7679979651876385,7.7679979651876385,0.15970084286751174,0.0,15,30,1.0
KDR_HTRF_cell,discard_second_assay,CHEMBL2071201,10986026,10986094,7.886056647693163,8.045757490560675,7.886750732952367,7.886750732952367,0.15970084286751174,0.0,15,30,1.0
KDR_HTRF_cell,pool_no_context,CHEMBL2071201,10986026,10986094,7.886056647693163,8.045757490560675,7.7679979651876385,7.7679979651876385,0.15970084286751174,0.0,15,30,1.0
KDR_HTRF_cell,context_global_offset,CHEMBL2071201,10986026,10986094,7.886056647693163,8.045757490560675,8.072602591661864,7.463393338713413,0.15970084286751174,-0.6092092529484514,15,30,1.0
KDR_HTRF_cell,context_structure_interaction,CHEMBL2071201,10986026,10986094,7.886056647693163,8.045757490560675,7.886750732952368,7.649245197422909,0.15970084286751174,-0.23750553552945952,15,30,1.0
KDR_HTRF_cell,average_pIC50,CHEMBL2071202,10986027,10986095,7.853871964321762,7.698970004336019,7.839290191003923,7.839290191003923,-0.15490195998574308,0.0,15,30,1.0
KDR_HTRF_cell,discard_second_assay,CHEMBL2071202,10986027,10986095,7.853871964321762,7.698970004336019,8.282823626324065,8.282823626324065,-0.15490195998574308,0.0,15,30,1.0
KDR_HTRF_cell,pool_no_context,CHEMBL2071202,10986027,10986095,7.853871964321762,7.698970004336019,7.839290191003923,7.839290191003923,-0.15490195998574308,0.0,15,30,1.0
KDR_HTRF_cell,context_global_offset,CHEMBL2071202,10986027,10986095,7.853871964321762,7.698970004336019,8.13340805738304,7.545172324624806,-0.15490195998574308,-0.5882357327582337,15,30,1.0
KDR_HTRF_cell,context_structure_interaction,CHEMBL2071202,10986027,10986095,7.853871964321762,7.698970004336019,8.282823626324063,7.395756755683783,-0.15490195998574308,-0.8870668706402807,15,30,1.0
KDR_HTRF_cell,average_pIC50,CHEMBL2071203,10986028,10986096,7.130768280269024,7.214670164989233,7.372292891483387,7.372292891483387,0.0839018847202091,0.0,15,30,1.0
KDR_HTRF_cell,discard_second_assay,CHEMBL2071203,10986028,10986096,7.130768280269024,7.214670164989233,7.760438637890459,7.760438637890459,0.0839018847202091,0.0,15,30,1.0
KDR_HTRF_cell,pool_no_context,CHEMBL2071203,10986028,10986096,7.130768280269024,7.214670164989233,7.372292891483387,7.372292891483387,0.0839018847202091,0.0,15,30,1.0
KDR_HTRF_cell,context_global_offset,CHEMBL2071203,10986028,10986096,7.130768280269024,7.214670164989233,7.67437088601937,7.070214896947405,0.0839018847202091,-0.6041559890719643,15,30,1.0
KDR_HTRF_cell,context_structure_interaction,CHEMBL2071203,10986028,10986096,7.130768280269024,7.214670164989233,7.760438637890459,6.9841471450763155,0.0839018847202091,-0.7762914928141438,15,30,1.0
KDR_HTRF_cell,average_pIC50,CHEMBL2071210,10986035,10986103,7.721246399047171,7.075720713938118,7.347798676623491,7.347798676623491,-0.6455256851090532,0.0,15,30,1.0
KDR_HTRF_cell,discard_second_assay,CHEMBL2071210,10986035,10986103,7.721246399047171,7.075720713938118,7.248056990508509,7.248056990508509,-0.6455256851090532,0.0,15,30,1.0
KDR_HTRF_cell,pool_no_context,CHEMBL2071210,10986035,10986103,7.721246399047171,7.075720713938118,7.347798676623491,7.347798676623491,-0.6455256851090532,0.0,15,30,1.0
KDR_HTRF_cell,context_global_offset,CHEMBL2071210,10986035,10986103,7.721246399047171,7.075720713938118,7.625562418831831,7.07003493441515,-0.6455256851090532,-0.5555274844166807,15,30,1.0
KDR_HTRF_cell,context_structure_interaction,CHEMBL2071210,10986035,10986103,7.721246399047171,7.075720713938118,7.248056990508509,7.447540362738472,-0.6455256851090532,0.19948337222996315,15,30,1.0
KDR_HTRF_cell,average_pIC50,CHEMBL2071216,10986041,10986109,8.522878745280337,8.096910013008056,7.626165026094969,7.626165026094969,-0.42596873227228116,0.0,15,30,1.0
KDR_HTRF_cell,discard_second_assay,CHEMBL2071216,10986041,10986109,8.522878745280337,8.096910013008056,8.022143739922319,8.022143739922319,-0.42596873227228116,0.0,15,30,1.0
KDR_HTRF_cell,pool_no_context,CHEMBL2071216,10986041,10986109,8.522878745280337,8.096910013008056,7.626165026094969,7.626165026094969,-0.42596873227228116,0.0,15,30,1.0
KDR_HTRF_cell,context_global_offset,CHEMBL2071216,10986041,10986109,8.522878745280337,8.096910013008056,7.911247333397869,7.3410827187920695,-0.42596873227228116,-0.5701646146057993,15,30,1.0
KDR_HTRF_cell,context_structure_interaction,CHEMBL2071216,10986041,10986109,8.522878745280337,8.096910013008056,8.022143739922319,7.23018631226762,-0.42596873227228116,-0.7919574276546983,15,30,1.0
KDR_HTRF_cell,average_pIC50,CHEMBL2071217,10986042,10986110,8.154901959985743,7.376750709602099,7.798580696369858,7.798580696369858,-0.7781512503836439,0.0,15,30,1.0
KDR_HTRF_cell,discard_second_assay,CHEMBL2071217,10986042,10986110,8.154901959985743,7.376750709602099,8.176474110486543,8.176474110486543,-0.7781512503836439,0.0,15,30,1.0
KDR_HTRF_cell,pool_no_context,CHEMBL2071217,10986042,10986110,8.154901959985743,7.376750709602099,7.798580696369858,7.798580696369858,-0.7781512503836439,0.0,15,30,1.0
KDR_HTRF_cell,context_global_offset,CHEMBL2071217,10986042,10986110,8.154901959985743,7.376750709602099,8.071923586402379,7.525237806337337,-0.7781512503836439,-0.546685780065042,15,30,1.0
KDR_HTRF_cell,context_structure_interaction,CHEMBL2071217,10986042,10986110,8.154901959985743,7.376750709602099,8.176474110486543,7.420687282253173,-0.7781512503836439,-0.7557868282333704,15,30,1.0
KDR_HTRF_cell,average_pIC50,CHEMBL2071270,10986043,10986111,8.221848749616356,7.318758762624412,7.819565435701985,7.819565435701985,-0.9030899869919438,0.0,15,30,1.0
KDR_HTRF_cell,discard_second_assay,CHEMBL2071270,10986043,10986111,8.221848749616356,7.318758762624412,8.177197211943591,8.177197211943591,-0.9030899869919438,0.0,15,30,1.0
KDR_HTRF_cell,pool_no_context,CHEMBL2071270,10986043,10986111,8.221848749616356,7.318758762624412,7.819565435701985,7.819565435701985,-0.9030899869919438,0.0,15,30,1.0
KDR_HTRF_cell,context_global_offset,CHEMBL2071270,10986043,10986111,8.221848749616356,7.318758762624412,8.088743701180896,7.550387170223074,-0.9030899869919438,-0.538356530957822,15,30,1.0
KDR_HTRF_cell,context_structure_interaction,CHEMBL2071270,10986043,10986111,8.221848749616356,7.318758762624412,8.177197211943591,7.461933659460378,-0.9030899869919438,-0.7152635524832132,15,30,1.0
KDR_HTRF_cell,average_pIC50,CHEMBL2071272,10986045,10986113,7.744727494896693,6.777283528852417,7.796816065120559,7.796816065120559,-0.967443966044276,0.0,15,30,1.0
KDR_HTRF_cell,discard_second_assay,CHEMBL2071272,10986045,10986113,7.744727494896693,6.777283528852417,8.26346793434516,8.26346793434516,-0.967443966044276,0.0,15,30,1.0
KDR_HTRF_cell,pool_no_context,CHEMBL2071272,10986045,10986113,7.744727494896693,6.777283528852417,7.796816065120559,7.796816065120559,-0.967443966044276,0.0,15,30,1.0
KDR_HTRF_cell,context_global_offset,CHEMBL2071272,10986045,10986113,7.744727494896693,6.777283528852417,8.063849197964393,7.529782932276727,-0.967443966044276,-0.5340662656876658,15,30,1.0
KDR_HTRF_cell,context_structure_interaction,CHEMBL2071272,10986045,10986113,7.744727494896693,6.777283528852417,8.26346793434516,7.330164195895959,-0.967443966044276,-0.9333037384492009,15,30,1.0
KDR_HTRF_cell,average_pIC50,CHEMBL2071273,10986046,10986114,8.221848749616356,7.050609993355087,7.627338545672571,7.627338545672571,-1.1712387562612694,0.0,15,30,1.0
KDR_HTRF_cell,discard_second_assay,CHEMBL2071273,10986046,10986114,8.221848749616356,7.050609993355087,7.9774557369966645,7.9774557369966645,-1.1712387562612694,0.0,15,30,1.0
KDR_HTRF_cell,pool_no_context,CHEMBL2071273,10986046,10986114,8.221848749616356,7.050609993355087,7.627338545672571,7.627338545672571,-1.1712387562612694,0.0,15,30,1.0
KDR_HTRF_cell,context_global_offset,CHEMBL2071273,10986046,10986114,8.221848749616356,7.050609993355087,7.8875785188425045,7.367098572502638,-1.1712387562612694,-0.5204799463398668,15,30,1.0
KDR_HTRF_cell,context_structure_interaction,CHEMBL2071273,10986046,10986114,8.221848749616356,7.050609993355087,7.977455736996664,7.2772213543484785,-1.1712387562612694,-0.7002343826481852,15,30,1.0
KDR_HTRF_cell,average_pIC50,CHEMBL2071274,10986047,10986115,8.045757490560675,7.107905397309519,7.706945549187537,7.706945549187537,-0.9378520932511556,0.0,15,30,1.0
KDR_HTRF_cell,discard_second_assay,CHEMBL2071274,10986047,10986115,8.045757490560675,7.107905397309519,8.09394850787553,8.09394850787553,-0.9378520932511556,0.0,15,30,1.0
KDR_HTRF_cell,pool_no_context,CHEMBL2071274,10986047,10986115,8.045757490560675,7.107905397309519,7.706945549187537,7.706945549187537,-0.9378520932511556,0.0,15,30,1.0
KDR_HTRF_cell,context_global_offset,CHEMBL2071274,10986047,10986115,8.045757490560675,7.107905397309519,7.974965077791141,7.438926020583934,-0.9378520932511556,-0.5360390572072067,15,30,1.0
KDR_HTRF_cell,context_structure_interaction,CHEMBL2071274,10986047,10986115,8.045757490560675,7.107905397309519,8.09394850787553,7.3199425904995445,-0.9378520932511556,-0.7740059173759848,15,30,1.0
KDR_HTRF_cell,average_pIC50,CHEMBL2071275,10986048,10986116,8.698970004336019,7.259637310505756,7.7750468437679485,7.7750468437679485,-1.4393326938302629,0.0,15,30,1.0
KDR_HTRF_cell,discard_second_assay,CHEMBL2071275,10986048,10986116,8.698970004336019,7.259637310505756,8.285516190975795,8.285516190975795,-1.4393326938302629,0.0,15,30,1.0
KDR_HTRF_cell,pool_no_context,CHEMBL2071275,10986048,10986116,8.698970004336019,7.259637310505756,7.7750468437679485,7.7750468437679485,-1.4393326938302629,0.0,15,30,1.0
KDR_HTRF_cell,context_global_offset,CHEMBL2071275,10986048,10986116,8.698970004336019,7.259637310505756,8.026350352352248,7.5237433351836485,-1.4393326938302629,-0.5026070171685992,15,30,1.0
KDR_HTRF_cell,context_structure_interaction,CHEMBL2071275,10986048,10986116,8.698970004336019,7.259637310505756,8.285516190975795,7.264577496560102,-1.4393326938302629,-1.0209386944156922,15,30,1.0
KDR_HTRF_cell,average_pIC50,CHEMBL2071276,10986049,10986117,8.698970004336019,7.356547323513812,7.937620235773067,7.937620235773067,-1.3424226808222066,0.0,15,30,1.0
KDR_HTRF_cell,discard_second_assay,CHEMBL2071276,10986049,10986117,8.698970004336019,7.356547323513812,8.480148647429013,8.480148647429013,-1.3424226808222066,0.0,15,30,1.0
KDR_HTRF_cell,pool_no_context,CHEMBL2071276,10986049,10986117,8.698970004336019,7.356547323513812,7.937620235773067,7.937620235773067,-1.3424226808222066,0.0,15,30,1.0
KDR_HTRF_cell,context_global_offset,CHEMBL2071276,10986049,10986117,8.698970004336019,7.356547323513812,8.192154078124302,7.683086393421831,-1.3424226808222066,-0.5090676847024707,15,30,1.0
KDR_HTRF_cell,context_structure_interaction,CHEMBL2071276,10986049,10986117,8.698970004336019,7.356547323513812,8.480148647429013,7.395091824117121,-1.3424226808222066,-1.0850568233118922,15,30,1.0
KDR_HTRF_cell,average_pIC50,CHEMBL2071277,10986050,10986118,7.823908740944319,7.309803919971486,7.807289170727657,7.807289170727657,-0.5141048209728325,0.0,15,30,1.0
KDR_HTRF_cell,discard_second_assay,CHEMBL2071277,10986050,10986118,7.823908740944319,7.309803919971486,8.319784626411732,8.319784626411732,-0.5141048209728325,0.0,15,30,1.0
KDR_HTRF_cell,pool_no_context,CHEMBL2071277,10986050,10986118,7.823908740944319,7.309803919971486,7.807289170727657,7.807289170727657,-0.5141048209728325,0.0,15,30,1.0
KDR_HTRF_cell,context_global_offset,CHEMBL2071277,10986050,10986118,7.823908740944319,7.309803919971486,8.089433608407205,7.525144733048109,-0.5141048209728325,-0.5642888753590958,15,30,1.0
KDR_HTRF_cell,context_structure_interaction,CHEMBL2071277,10986050,10986118,7.823908740944319,7.309803919971486,8.319784626411732,7.294793715043582,-0.5141048209728325,-1.0249909113681497,15,30,1.0
JAK3_2019_ATP_flag_sensitivity,average_pIC50,CHEMBL1650951,18957308,18957343,8.698970004336019,6.164309428507575,7.374571255023684,7.374571255023684,-2.534660575828444,0.0,18,36,1.0
JAK3_2019_ATP_flag_sensitivity,discard_second_assay,CHEMBL1650951,18957308,18957343,8.698970004336019,6.164309428507575,8.436601901460412,8.436601901460412,-2.534660575828444,0.0,18,36,1.0
JAK3_2019_ATP_flag_sensitivity,pool_no_context,CHEMBL1650951,18957308,18957343,8.698970004336019,6.164309428507575,7.374571255023684,7.374571255023684,-2.534660575828444,0.0,18,36,1.0
JAK3_2019_ATP_flag_sensitivity,context_global_offset,CHEMBL1650951,18957308,18957343,8.698970004336019,6.164309428507575,8.506291176641268,6.242851333406101,-2.534660575828444,-2.263439843235167,18,36,1.0
JAK3_2019_ATP_flag_sensitivity,context_structure_interaction,CHEMBL1650951,18957308,18957343,8.698970004336019,6.164309428507575,8.436601901460413,6.312540608586955,-2.534660575828444,-2.124061292873458,18,36,1.0
JAK3_2019_ATP_flag_sensitivity,average_pIC50,CHEMBL221959,18957307,18957342,8.769551078621726,7.301029995663981,6.915558862403323,6.915558862403323,-1.4685210829577446,0.0,18,36,1.0
JAK3_2019_ATP_flag_sensitivity,discard_second_assay,CHEMBL221959,18957307,18957342,8.769551078621726,7.301029995663981,7.904764017560914,7.904764017560914,-1.4685210829577446,0.0,18,36,1.0
JAK3_2019_ATP_flag_sensitivity,pool_no_context,CHEMBL221959,18957307,18957342,8.769551078621726,7.301029995663981,6.915558862403323,6.915558862403323,-1.4685210829577446,0.0,18,36,1.0
JAK3_2019_ATP_flag_sensitivity,context_global_offset,CHEMBL221959,18957307,18957342,8.769551078621726,7.301029995663981,8.076893769933982,5.754223954872664,-1.4685210829577446,-2.3226698150613174,18,36,1.0
JAK3_2019_ATP_flag_sensitivity,context_structure_interaction,CHEMBL221959,18957307,18957342,8.769551078621726,7.301029995663981,7.904764017560914,5.926353707245732,-1.4685210829577446,-1.9784103103151818,18,36,1.0
JAK3_2019_ATP_flag_sensitivity,average_pIC50,CHEMBL4435664,18957310,18957345,8.823908740944319,6.2839966563652006,7.501293894765068,7.501293894765068,-2.539912084579118,0.0,18,36,1.0
JAK3_2019_ATP_flag_sensitivity,discard_second_assay,CHEMBL4435664,18957310,18957345,8.823908740944319,6.2839966563652006,8.728049461779959,8.728049461779959,-2.539912084579118,0.0,18,36,1.0
JAK3_2019_ATP_flag_sensitivity,pool_no_context,CHEMBL4435664,18957310,18957345,8.823908740944319,6.2839966563652006,7.501293894765068,7.501293894765068,-2.539912084579118,0.0,18,36,1.0
JAK3_2019_ATP_flag_sensitivity,context_global_offset,CHEMBL4435664,18957310,18957345,8.823908740944319,6.2839966563652006,8.632867941139578,6.369719848390558,-2.539912084579118,-2.26314809274902,18,36,1.0
JAK3_2019_ATP_flag_sensitivity,context_structure_interaction,CHEMBL4435664,18957310,18957345,8.823908740944319,6.2839966563652006,8.728049461779959,6.274538327750177,-2.539912084579118,-2.4535111340297817,18,36,1.0
JAK3_2019_ATP_flag_sensitivity,average_pIC50,CHEMBL4439785,18957322,18957357,7.721246399047171,6.149353764816933,7.4794123618788015,7.4794123618788015,-1.5718926342302382,0.0,18,36,1.0
JAK3_2019_ATP_flag_sensitivity,discard_second_assay,CHEMBL4439785,18957322,18957357,7.721246399047171,6.149353764816933,8.599316742373315,8.599316742373315,-1.5718926342302382,0.0,18,36,1.0
JAK3_2019_ATP_flag_sensitivity,pool_no_context,CHEMBL4439785,18957322,18957357,7.721246399047171,6.149353764816933,7.4794123618788015,7.4794123618788015,-1.5718926342302382,0.0,18,36,1.0
JAK3_2019_ATP_flag_sensitivity,context_global_offset,CHEMBL4439785,18957322,18957357,7.721246399047171,6.149353764816933,8.637875837429668,6.320948886327934,-1.5718926342302382,-2.316926951101734,18,36,1.0
JAK3_2019_ATP_flag_sensitivity,context_structure_interaction,CHEMBL4439785,18957322,18957357,7.721246399047171,6.149353764816933,8.599316742373317,6.3595079813842865,-1.5718926342302382,-2.23980876098903,18,36,1.0
JAK3_2019_ATP_flag_sensitivity,average_pIC50,CHEMBL4441142,18957326,18957361,8.267606240177031,6.048176964684088,7.441897954183902,7.441897954183902,-2.219429275492943,0.0,18,36,1.0
JAK3_2019_ATP_flag_sensitivity,discard_second_assay,CHEMBL4441142,18957326,18957361,8.267606240177031,6.048176964684088,8.675880618641319,8.675880618641319,-2.219429275492943,0.0,18,36,1.0
JAK3_2019_ATP_flag_sensitivity,pool_no_context,CHEMBL4441142,18957326,18957361,8.267606240177031,6.048176964684088,7.441897954183902,7.441897954183902,-2.219429275492943,0.0,18,36,1.0
JAK3_2019_ATP_flag_sensitivity,context_global_offset,CHEMBL4441142,18957326,18957361,8.267606240177031,6.048176964684088,8.582374300810805,6.301421607556998,-2.219429275492943,-2.2809526932538073,18,36,1.0
JAK3_2019_ATP_flag_sensitivity,context_structure_interaction,CHEMBL4441142,18957326,18957361,8.267606240177031,6.048176964684088,8.675880618641319,6.207915289726484,-2.219429275492943,-2.4679653289148344,18,36,1.0
JAK3_2019_ATP_flag_sensitivity,average_pIC50,CHEMBL4444087,18957325,18957360,8.55284196865778,6.087777943467584,7.169667366277407,7.169667366277407,-2.4650640251901965,0.0,18,36,1.0
JAK3_2019_ATP_flag_sensitivity,discard_second_assay,CHEMBL4444087,18957325,18957360,8.55284196865778,6.087777943467584,8.232344635428172,8.232344635428172,-2.4650640251901965,0.0,18,36,1.0
JAK3_2019_ATP_flag_sensitivity,pool_no_context,CHEMBL4444087,18957325,18957360,8.55284196865778,6.087777943467584,7.169667366277407,7.169667366277407,-2.4650640251901965,0.0,18,36,1.0
JAK3_2019_ATP_flag_sensitivity,context_global_offset,CHEMBL4444087,18957325,18957360,8.55284196865778,6.087777943467584,8.30332052541272,6.036014207142094,-2.4650640251901965,-2.2673063182706263,18,36,1.0
JAK3_2019_ATP_flag_sensitivity,context_structure_interaction,CHEMBL4444087,18957325,18957360,8.55284196865778,6.087777943467584,8.232344635428172,6.106990097126642,-2.4650640251901965,-2.1253545383015293,18,36,1.0
JAK3_2019_ATP_flag_sensitivity,average_pIC50,CHEMBL4444559,18957315,18957350,7.67778070526608,5.432973633840939,7.411276884412964,7.411276884412964,-2.2448070714251402,0.0,18,36,1.0
JAK3_2019_ATP_flag_sensitivity,discard_second_assay,CHEMBL4444559,18957315,18957350,7.67778070526608,5.432973633840939,8.684207379027656,8.684207379027656,-2.2448070714251402,0.0,18,36,1.0
JAK3_2019_ATP_flag_sensitivity,pool_no_context,CHEMBL4444559,18957315,18957350,7.67778070526608,5.432973633840939,7.411276884412964,7.411276884412964,-2.2448070714251402,0.0,18,36,1.0
JAK3_2019_ATP_flag_sensitivity,context_global_offset,CHEMBL4444559,18957315,18957350,7.67778070526608,5.432973633840939,8.551048292263973,6.271505476561956,-2.2448070714251402,-2.2795428157020172,18,36,1.0
JAK3_2019_ATP_flag_sensitivity,context_structure_interaction,CHEMBL4444559,18957315,18957350,7.67778070526608,5.432973633840939,8.684207379027656,6.138346389798272,-2.2448070714251402,-2.545860989229384,18,36,1.0
JAK3_2019_ATP_flag_sensitivity,average_pIC50,CHEMBL4450627,18957337,18957372,9.397940008672036,7.096910013008056,7.871336171274962,7.871336171274962,-2.3010299956639795,0.0,18,36,1.0
JAK3_2019_ATP_flag_sensitivity,discard_second_assay,CHEMBL4450627,18957337,18957372,9.397940008672036,7.096910013008056,8.978724441412654,8.978724441412654,-2.3010299956639795,0.0,18,36,1.0
JAK3_2019_ATP_flag_sensitivity,pool_no_context,CHEMBL4450627,18957337,18957372,9.397940008672036,7.096910013008056,7.871336171274962,7.871336171274962,-2.3010299956639795,0.0,18,36,1.0
JAK3_2019_ATP_flag_sensitivity,context_global_offset,CHEMBL4450627,18957337,18957372,9.397940008672036,7.096910013008056,9.009545831230447,6.733126511319476,-2.3010299956639795,-2.2764193199109712,18,36,1.0
JAK3_2019_ATP_flag_sensitivity,context_structure_interaction,CHEMBL4450627,18957337,18957372,9.397940008672036,7.096910013008056,8.978724441412652,6.7639479011372705,-2.3010299956639795,-2.2147765402753814,18,36,1.0
JAK3_2019_ATP_flag_sensitivity,average_pIC50,CHEMBL4459688,18957327,18957362,8.1249387366083,6.187086643357144,7.45549568318839,7.45549568318839,-1.9378520932511556,0.0,18,36,1.0
JAK3_2019_ATP_flag_sensitivity,discard_second_assay,CHEMBL4459688,18957327,18957362,8.1249387366083,6.187086643357144,8.71119979165711,8.71119979165711,-1.9378520932511556,0.0,18,36,1.0
JAK3_2019_ATP_flag_sensitivity,pool_no_context,CHEMBL4459688,18957327,18957362,8.1249387366083,6.187086643357144,7.45549568318839,7.45549568318839,-1.9378520932511556,0.0,18,36,1.0
JAK3_2019_ATP_flag_sensitivity,context_global_offset,CHEMBL4459688,18957327,18957362,8.1249387366083,6.187086643357144,8.603793618210899,6.307197748165882,-1.9378520932511556,-2.2965958700450173,18,36,1.0
JAK3_2019_ATP_flag_sensitivity,context_structure_interaction,CHEMBL4459688,18957327,18957362,8.1249387366083,6.187086643357144,8.711199791657108,6.199791574719671,-1.9378520932511556,-2.511408216937437,18,36,1.0
JAK3_2019_ATP_flag_sensitivity,average_pIC50,CHEMBL4461890,18957324,18957359,8.698970004336019,6.2335871528876,7.345249533083255,7.345249533083255,-2.4653828514484184,0.0,18,36,1.0
JAK3_2019_ATP_flag_sensitivity,discard_second_assay,CHEMBL4461890,18957324,18957359,8.698970004336019,6.2335871528876,8.479964464590783,8.479964464590783,-2.4653828514484184,0.0,18,36,1.0
JAK3_2019_ATP_flag_sensitivity,pool_no_context,CHEMBL4461890,18957324,18957359,8.698970004336019,6.2335871528876,7.345249533083255,7.345249533083255,-2.4653828514484184,0.0,18,36,1.0
JAK3_2019_ATP_flag_sensitivity,context_global_offset,CHEMBL4461890,18957324,18957359,8.698970004336019,6.2335871528876,8.478893835933617,6.211605230232893,-2.4653828514484184,-2.267288605700724,18,36,1.0
JAK3_2019_ATP_flag_sensitivity,context_structure_interaction,CHEMBL4461890,18957324,18957359,8.698970004336019,6.2335871528876,8.479964464590783,6.210534601575727,-2.4653828514484184,-2.2694298630150556,18,36,1.0
JAK3_2019_ATP_flag_sensitivity,average_pIC50,CHEMBL4463109,18957321,18957356,9.397940008672036,6.6777807052660805,7.162068013220018,7.162068013220018,-2.7201593034059552,0.0,18,36,1.0
JAK3_2019_ATP_flag_sensitivity,discard_second_assay,CHEMBL4463109,18957321,18957356,9.397940008672036,6.6777807052660805,8.137476724498644,8.137476724498644,-2.7201593034059552,0.0,18,36,1.0
JAK3_2019_ATP_flag_sensitivity,pool_no_context,CHEMBL4463109,18957321,18957356,9.397940008672036,6.6777807052660805,7.162068013220018,7.162068013220018,-2.7201593034059552,0.0,18,36,1.0
JAK3_2019_ATP_flag_sensitivity,context_global_offset,CHEMBL4463109,18957321,18957356,9.397940008672036,6.6777807052660805,8.288635192404893,6.035500834035142,-2.7201593034059552,-2.253134358369751,18,36,1.0
JAK3_2019_ATP_flag_sensitivity,context_structure_interaction,CHEMBL4463109,18957321,18957356,9.397940008672036,6.6777807052660805,8.137476724498642,6.186659301941394,-2.7201593034059552,-1.9508174225572477,18,36,1.0
JAK3_2019_ATP_flag_sensitivity,average_pIC50,CHEMBL4464668,18957336,18957371,9.397940008672036,6.478861916295964,8.18784011358601,8.18784011358601,-2.919078092376072,0.0,18,36,1.0
JAK3_2019_ATP_flag_sensitivity,discard_second_assay,CHEMBL4464668,18957336,18957371,9.397940008672036,6.478861916295964,9.749098604908902,9.749098604908902,-2.919078092376072,0.0,18,36,1.0
JAK3_2019_ATP_flag_sensitivity,pool_no_context,CHEMBL4464668,18957336,18957371,9.397940008672036,6.478861916295964,8.18784011358601,8.18784011358601,-2.919078092376072,0.0,18,36,1.0
JAK3_2019_ATP_flag_sensitivity,context_global_offset,CHEMBL4464668,18957336,18957371,9.397940008672036,6.478861916295964,9.308881770855049,7.06679845631697,-2.919078092376072,-2.2420833145380783,18,36,1.0
JAK3_2019_ATP_flag_sensitivity,context_structure_interaction,CHEMBL4464668,18957336,18957371,9.397940008672036,6.478861916295964,9.7490986049089,6.626581622263118,-2.919078092376072,-3.1225169826457817,18,36,1.0
JAK3_2019_ATP_flag_sensitivity,average_pIC50,CHEMBL4470305,18957335,18957370,8.366531544420413,6.346787486224656,8.002891250334233,8.002891250334233,-2.019744058195757,0.0,18,36,1.0
JAK3_2019_ATP_flag_sensitivity,discard_second_assay,CHEMBL4470305,18957335,18957370,8.366531544420413,6.346787486224656,9.208502927672482,9.208502927672482,-2.019744058195757,0.0,18,36,1.0
JAK3_2019_ATP_flag_sensitivity,pool_no_context,CHEMBL4470305,18957335,18957370,8.366531544420413,6.346787486224656,8.002891250334233,8.002891250334233,-2.019744058195757,0.0,18,36,1.0
JAK3_2019_ATP_flag_sensitivity,context_global_offset,CHEMBL4470305,18957335,18957370,8.366531544420413,6.346787486224656,9.148914408552725,6.856868092115741,-2.019744058195757,-2.292046316436984,18,36,1.0
JAK3_2019_ATP_flag_sensitivity,context_structure_interaction,CHEMBL4470305,18957335,18957370,8.366531544420413,6.346787486224656,9.208502927672482,6.7972795729959845,-2.019744058195757,-2.4112233546764976,18,36,1.0
JAK3_2019_ATP_flag_sensitivity,average_pIC50,CHEMBL4522075,18957328,18957363,8.397940008672037,6.1249387366083,7.5134561567622065,7.5134561567622065,-2.2730012720637376,0.0,18,36,1.0
JAK3_2019_ATP_flag_sensitivity,discard_second_assay,CHEMBL4522075,18957328,18957363,8.397940008672037,6.1249387366083,8.744175719107377,8.744175719107377,-2.2730012720637376,0.0,18,36,1.0
JAK3_2019_ATP_flag_sensitivity,pool_no_context,CHEMBL4522075,18957328,18957363,8.397940008672037,6.1249387366083,7.5134561567622065,7.5134561567622065,-2.2730012720637376,0.0,18,36,1.0
JAK3_2019_ATP_flag_sensitivity,context_global_offset,CHEMBL4522075,18957328,18957363,8.397940008672037,6.1249387366083,8.652444392373255,6.374467921151158,-2.2730012720637376,-2.2779764712220967,18,36,1.0
JAK3_2019_ATP_flag_sensitivity,context_structure_interaction,CHEMBL4522075,18957328,18957363,8.397940008672037,6.1249387366083,8.744175719107377,6.282736594417036,-2.2730012720637376,-2.46143912469034,18,36,1.0
JAK3_2019_ATP_flag_sensitivity,average_pIC50,CHEMBL4533508,18957311,18957346,8.193820026016112,5.461426266193144,7.46417063013166,7.46417063013166,-2.732393759822968,0.0,18,36,1.0
JAK3_2019_ATP_flag_sensitivity,discard_second_assay,CHEMBL4533508,18957311,18957346,8.193820026016112,5.461426266193144,8.772918596881722,8.772918596881722,-2.732393759822968,0.0,18,36,1.0
JAK3_2019_ATP_flag_sensitivity,pool_no_context,CHEMBL4533508,18957311,18957346,8.193820026016112,5.461426266193144,7.46417063013166,7.46417063013166,-2.732393759822968,0.0,18,36,1.0
JAK3_2019_ATP_flag_sensitivity,context_global_offset,CHEMBL4533508,18957311,18957346,8.193820026016112,5.461426266193144,8.590397963304952,6.337943296958368,-2.732393759822968,-2.2524546663465834,18,36,1.0
JAK3_2019_ATP_flag_sensitivity,context_structure_interaction,CHEMBL4533508,18957311,18957346,8.193820026016112,5.461426266193144,8.772918596881723,6.1554226633815965,-2.732393759822968,-2.617495933500127,18,36,1.0
JAK3_2019_ATP_flag_sensitivity,average_pIC50,CHEMBL4541648,18957341,18957376,8.221848749616356,6.6777807052660805,7.478244611772107,7.478244611772107,-1.5440680443502757,0.0,18,36,1.0
JAK3_2019_ATP_flag_sensitivity,discard_second_assay,CHEMBL4541648,18957341,18957376,8.221848749616356,6.6777807052660805,8.180250786716359,8.180250786716359,-1.5440680443502757,0.0,18,36,1.0
JAK3_2019_ATP_flag_sensitivity,pool_no_context,CHEMBL4541648,18957341,18957376,8.221848749616356,6.6777807052660805,7.478244611772107,7.478244611772107,-1.5440680443502757,0.0,18,36,1.0
JAK3_2019_ATP_flag_sensitivity,context_global_offset,CHEMBL4541648,18957341,18957376,8.221848749616356,6.6777807052660805,8.637480992597418,6.319008230946796,-1.5440680443502757,-2.3184727616506215,18,36,1.0
JAK3_2019_ATP_flag_sensitivity,context_structure_interaction,CHEMBL4541648,18957341,18957376,8.221848749616356,6.6777807052660805,8.180250786716359,6.776238436827856,-1.5440680443502757,-1.4040123498885029,18,36,1.0
JAK3_2019_ATP_flag_sensitivity,average_pIC50,CHEMBL4543011,18957323,18957358,9.096910013008056,6.673664139071249,7.37978208763024,7.37978208763024,-2.423245873936807,0.0,18,36,1.0
JAK3_2019_ATP_flag_sensitivity,discard_second_assay,CHEMBL4543011,18957323,18957358,9.096910013008056,6.673664139071249,8.502287228561418,8.502287228561418,-2.423245873936807,0.0,18,36,1.0
JAK3_2019_ATP_flag_sensitivity,pool_no_context,CHEMBL4543011,18957323,18957358,9.096910013008056,6.673664139071249,7.37978208763024,7.37978208763024,-2.423245873936807,0.0,18,36,1.0
JAK3_2019_ATP_flag_sensitivity,context_global_offset,CHEMBL4543011,18957323,18957358,9.096910013008056,6.673664139071249,8.514596862078147,6.2449673131823324,-2.423245873936807,-2.2696295488958143,18,36,1.0
JAK3_2019_ATP_flag_sensitivity,context_structure_interaction,CHEMBL4543011,18957323,18957358,9.096910013008056,6.673664139071249,8.502287228561418,6.257276946699061,-2.423245873936807,-2.2450102818623563,18,36,1.0
JAK3_2019_ATP_flag_sensitivity,average_pIC50,CHEMBL4554336,18957340,18957375,7.568636235841012,6.0,7.037395699973378,7.037395699973378,-1.5686362358410122,0.0,18,36,1.0
JAK3_2019_ATP_flag_sensitivity,discard_second_assay,CHEMBL4554336,18957340,18957375,7.568636235841012,6.0,8.006010594679084,8.006010594679084,-1.5686362358410122,0.0,18,36,1.0
JAK3_2019_ATP_flag_sensitivity,pool_no_context,CHEMBL4554336,18957340,18957375,7.568636235841012,6.0,7.037395699973378,7.037395699973378,-1.5686362358410122,0.0,18,36,1.0
JAK3_2019_ATP_flag_sensitivity,context_global_offset,CHEMBL4554336,18957340,18957375,7.568636235841012,6.0,8.195949631035058,5.878841768911698,-1.5686362358410122,-2.3171078621233594,18,36,1.0
JAK3_2019_ATP_flag_sensitivity,context_structure_interaction,CHEMBL4554336,18957340,18957375,7.568636235841012,6.0,8.006010594679084,6.068780805267671,-1.5686362358410122,-1.9372297894114139,18,36,1.0
JAK3_2019_ATP_flag_sensitivity,average_pIC50,CHEMBL4578121,18957317,18957352,9.221848749616356,5.8941493256148565,7.284098512890237,7.284098512890237,-3.3276994240014997,0.0,18,36,1.0
JAK3_2019_ATP_flag_sensitivity,discard_second_assay,CHEMBL4578121,18957317,18957352,9.221848749616356,5.8941493256148565,8.804578754294296,8.804578754294296,-3.3276994240014997,0.0,18,36,1.0
JAK3_2019_ATP_flag_sensitivity,pool_no_context,CHEMBL4578121,18957317,18957352,9.221848749616356,5.8941493256148565,7.284098512890237,7.284098512890237,-3.3276994240014997,0.0,18,36,1.0
JAK3_2019_ATP_flag_sensitivity,context_global_offset,CHEMBL4578121,18957317,18957352,9.221848749616356,5.8941493256148565,8.393789577614125,6.174407448166349,-3.3276994240014997,-2.2193821294477765,18,36,1.0
JAK3_2019_ATP_flag_sensitivity,context_structure_interaction,CHEMBL4578121,18957317,18957352,9.221848749616356,5.8941493256148565,8.804578754294294,5.76361827148618,-3.3276994240014997,-3.0409604828081136,18,36,1.0
