comparison,molecule_chembl_id,canonical_smiles_first,activity_id_first,nM_first,potential_duplicate_first,data_validity_comment_first,document_chembl_id_first,canonical_smiles_second,activity_id_second,nM_second,potential_duplicate_second,data_validity_comment_second,document_chembl_id_second,pIC50_first,pIC50_second,delta_log10_second_over_first
renin_plasma_vs_trypsin,CHEMBL1639,COCCCOc1cc(C[C@@H](C[C@H](N)[C@@H](O)C[C@H](C(=O)NCC(C)(C)C(N)=O)C(C)C)C(C)C)ccc1OC,3076310,0.65,0,,CHEMBL1153179,COCCCOc1cc(C[C@@H](C[C@H](N)[C@@H](O)C[C@H](C(=O)NCC(C)(C)C(N)=O)C(C)C)C(C)C)ccc1OC,3076309,0.53,0,,CHEMBL1153179,9.187086643357144,9.275724130399212,-0.08863748704206653
renin_plasma_vs_trypsin,CHEMBL496416,CNC[C@H](CC1CCCCC1)NC(=O)N1CCC[C@@H]([C@@](O)(CCCCO)c2cccc(Cl)c2)C1,3076259,315.0,1,,CHEMBL1153179,CNC[C@H](CC1CCCCC1)NC(=O)N1CCC[C@@H]([C@@](O)(CCCCO)c2cccc(Cl)c2)C1,3076258,21.0,1,,CHEMBL1153179,6.501689446210399,7.6777807052660805,-1.1760912590556813
renin_plasma_vs_trypsin,CHEMBL496430,CNC[C@H](CC1CCCCC1)NC(=O)N1CCC[C@@H]([C@@](O)(CCCCOC)c2cccc(Cl)c2)C1,3076257,13.0,1,,CHEMBL1153179,CNC[C@H](CC1CCCCC1)NC(=O)N1CCC[C@@H]([C@@](O)(CCCCOC)c2cccc(Cl)c2)C1,3076256,0.47,1,,CHEMBL1153179,7.886056647693163,9.327902142064282,-1.4418454943711192
renin_plasma_vs_trypsin,CHEMBL497821,CCOCCCO[C@@H](c1ccccc1)[C@@H]1CCCN(C(=O)N[C@H](CNC)CC2CCCCC2)C1,3076402,447.0,1,,CHEMBL1153179,CCOCCCO[C@@H](c1ccccc1)[C@@H]1CCCN(C(=O)N[C@H](CNC)CC2CCCCC2)C1,3076339,40.0,1,,CHEMBL1153179,6.349692476868063,7.3979400086720375,-1.0482475318039741
renin_plasma_vs_trypsin,CHEMBL589399,CNC[C@H](CC1CCCCC1)NC(=O)N1CCC[C@@H]([C@@](O)(CCCNC(C)=O)c2cccc(Cl)c2)C1,3076261,16.0,0,,CHEMBL1153179,CNC[C@H](CC1CCCCC1)NC(=O)N1CCC[C@@H]([C@@](O)(CCCNC(C)=O)c2cccc(Cl)c2)C1,3076260,1.3,0,,CHEMBL1153179,7.795880017344075,8.886056647693163,-1.090176630349088
renin_plasma_vs_trypsin,CHEMBL589647,CNC[C@H](CC1CCCCC1)NC(=O)N1CCC[C@@H]([C@@H](OCCNC(=O)OC)c2cc(F)cc(F)c2)C1,3076306,1.2,0,,CHEMBL1153179,CNC[C@H](CC1CCCCC1)NC(=O)N1CCC[C@@H]([C@@H](OCCNC(=O)OC)c2cc(F)cc(F)c2)C1,3076305,0.23,0,,CHEMBL1153179,8.920818753952375,9.638272163982407,-0.7174534100300319
renin_plasma_vs_trypsin,CHEMBL590388,CNC[C@H](CC1CCCCC1)NC(=O)N1CCC[C@@H]([C@@H](OCCNC(=O)OC)c2cc(Cl)ccc2F)C1,3076302,2.1,0,,CHEMBL1153179,CNC[C@H](CC1CCCCC1)NC(=O)N1CCC[C@@H]([C@@H](OCCNC(=O)OC)c2cc(Cl)ccc2F)C1,3076301,0.62,0,,CHEMBL1153179,8.67778070526608,9.207608310501746,-0.5298276052356654
renin_plasma_vs_trypsin,CHEMBL590623,CNC[C@H](CC1CCCCC1)NC(=O)N1CCC[C@@H]([C@@H](OCCNC(=O)OC)c2cccc(Cl)c2F)C1,3076300,3.4,0,,CHEMBL1153179,CNC[C@H](CC1CCCCC1)NC(=O)N1CCC[C@@H]([C@@H](OCCNC(=O)OC)c2cccc(Cl)c2F)C1,3076299,0.61,0,,CHEMBL1153179,8.468521082957745,9.214670164989233,-0.7461490820314881
renin_plasma_vs_trypsin,CHEMBL590866,CNC[C@H](CC1CCCCC1)NC(=O)N1CCC[C@@H]([C@@H](OCCNC(=O)OC)c2ccc(F)c(F)c2)C1,3076304,16.6,0,,CHEMBL1153179,CNC[C@H](CC1CCCCC1)NC(=O)N1CCC[C@@H]([C@@H](OCCNC(=O)OC)c2ccc(F)c(F)c2)C1,3076303,2.5,0,,CHEMBL1153179,7.779891911959945,8.602059991327963,-0.8221680793680175
renin_plasma_vs_trypsin,CHEMBL590868,CNC[C@H](CC1CCCCC1)NC(=O)N1CCC[C@@H]([C@@H](OCCNC(=O)OC)c2cccc(F)c2F)C1,3076296,6.2,0,,CHEMBL1153179,CNC[C@H](CC1CCCCC1)NC(=O)N1CCC[C@@H]([C@@H](OCCNC(=O)OC)c2cccc(F)c2F)C1,3076295,1.7,0,,CHEMBL1153179,8.207608310501746,8.769551078621726,-0.56194276811998
renin_plasma_vs_trypsin,CHEMBL591104,CCNC[C@H](CC1CCCCC1)NC(=O)N1CCC[C@@H]([C@@H](OCCNC(=O)OC)c2cccc(F)c2)C1,3076294,18.0,0,,CHEMBL1153179,CCNC[C@H](CC1CCCCC1)NC(=O)N1CCC[C@@H]([C@@H](OCCNC(=O)OC)c2cccc(F)c2)C1,3076293,2.1,0,,CHEMBL1153179,7.7447274948966935,8.67778070526608,-0.9330532103693868
renin_plasma_vs_trypsin,CHEMBL591105,CCNC[C@H](CC1CCCCC1)NC(=O)N1CCC[C@@H]([C@@H](OCCNC(=O)OC)c2cccc(Cl)c2)C1,3076292,7.7,0,,CHEMBL1153179,CCNC[C@H](CC1CCCCC1)NC(=O)N1CCC[C@@H]([C@@H](OCCNC(=O)OC)c2cccc(Cl)c2)C1,3076291,0.87,0,,CHEMBL1153179,8.113509274827518,9.060480747381382,-0.9469714725538634
renin_plasma_vs_trypsin,CHEMBL591340,COC(=O)NCCO[C@@H](c1cccc(F)c1)[C@@H]1CCCN(C(=O)N[C@H](CN)CC2CCCCC2)C1,3076290,3.3,0,,CHEMBL1153179,COC(=O)NCCO[C@@H](c1cccc(F)c1)[C@@H]1CCCN(C(=O)N[C@H](CN)CC2CCCCC2)C1,3076289,0.58,0,,CHEMBL1153179,8.481486060122112,9.236572006437063,-0.7550859463149502
renin_plasma_vs_trypsin,CHEMBL591341,CNC[C@H](CC1CCCCC1)NC(=O)N1CCC[C@@H]([C@@H](OCCNC(=O)OC)c2ccccc2)C1,3076286,2.9,0,,CHEMBL1153179,CNC[C@H](CC1CCCCC1)NC(=O)N1CCC[C@@H]([C@@H](OCCNC(=O)OC)c2ccccc2)C1,3076285,1.17,0,,CHEMBL1153179,8.537602002101044,8.931814138253838,-0.3942121361527945
renin_plasma_vs_trypsin,CHEMBL591342,CNC[C@H](CC1CCCCC1)NC(=O)N1CCC[C@@H]([C@@H](OCCNC(=O)OC)c2cccc(C)c2)C1,3076284,4.0,0,,CHEMBL1153179,CNC[C@H](CC1CCCCC1)NC(=O)N1CCC[C@@H]([C@@H](OCCNC(=O)OC)c2cccc(C)c2)C1,3076283,0.47,0,,CHEMBL1153179,8.397940008672037,9.327902142064282,-0.929962133392245
renin_plasma_vs_trypsin,CHEMBL591578,CNC[C@H](CC1CCCCC1)NC(=O)N1CCC[C@@H]([C@@H](OCCNC(=O)OC)c2cccc(Cl)c2)C1,3076280,0.82,0,,CHEMBL1153179,CNC[C@H](CC1CCCCC1)NC(=O)N1CCC[C@@H]([C@@H](OCCNC(=O)OC)c2cccc(Cl)c2)C1,3076279,0.48,0,,CHEMBL1153179,9.086186147616283,9.318758762624412,-0.2325726150081295
renin_plasma_vs_trypsin,CHEMBL591579,CCOC(=O)NCCC[C@@](O)(c1cccc(Cl)c1)[C@@H]1CCCN(C(=O)N[C@H](CNC)CC2CCCCC2)C1,3076278,170.0,0,,CHEMBL1153179,CCOC(=O)NCCC[C@@](O)(c1cccc(Cl)c1)[C@@H]1CCCN(C(=O)N[C@H](CNC)CC2CCCCC2)C1,3076277,14.0,0,,CHEMBL1153179,6.769551078621726,7.853871964321762,-1.084320885700036
renin_plasma_vs_trypsin,CHEMBL591813,CNC[C@H](CC1CCCCC1)NC(=O)N1CCC[C@@H]([C@@](O)(CCCNS(N)(=O)=O)c2cccc(Cl)c2)C1,3076274,297.0,0,,CHEMBL1153179,CNC[C@H](CC1CCCCC1)NC(=O)N1CCC[C@@H]([C@@](O)(CCCNS(N)(=O)=O)c2cccc(Cl)c2)C1,3076273,46.0,0,,CHEMBL1153179,6.527243550682788,7.337242168318426,-0.8099986176356383
renin_plasma_vs_trypsin,CHEMBL592047,CNC[C@H](CC1CCCCC1)NC(=O)N1CCC[C@@H]([C@@](O)(CCCNC(=O)NC)c2cccc(Cl)c2)C1,3076271,141.0,0,,CHEMBL1153179,CNC[C@H](CC1CCCCC1)NC(=O)N1CCC[C@@H]([C@@](O)(CCCNC(=O)NC)c2cccc(Cl)c2)C1,3076270,46.0,0,,CHEMBL1153179,6.85078088734462,7.337242168318426,-0.4864612809738058
renin_plasma_vs_trypsin,CHEMBL592048,CNC[C@H](CC1CCCCC1)NC(=O)N1CCC[C@@H]([C@@](O)(CCCNC(N)=O)c2cccc(Cl)c2)C1,3076269,200.0,0,,CHEMBL1153179,CNC[C@H](CC1CCCCC1)NC(=O)N1CCC[C@@H]([C@@](O)(CCCNC(N)=O)c2cccc(Cl)c2)C1,3076268,31.0,0,,CHEMBL1153179,6.698970004336019,7.508638306165727,-0.8096683018297085
renin_plasma_vs_trypsin,CHEMBL592762,CNC[C@H](CC1CCCCC1)NC(=O)N1CCC[C@@H]([C@@H](OCCNC(=O)OC)c2cccc(F)c2)C1,3076282,1.8,0,,CHEMBL1153179,CNC[C@H](CC1CCCCC1)NC(=O)N1CCC[C@@H]([C@@H](OCCNC(=O)OC)c2cccc(F)c2)C1,3076281,0.59,0,,CHEMBL1153179,8.744727494896694,9.229147988357855,-0.4844204934611619
renin_plasma_vs_trypsin,CHEMBL592763,CNC[C@H](CC1CCCCC1)NC(=O)N1CCC[C@@H]([C@@](O)(CCCNC(=O)OC)c2cccc(Cl)c2)C1,3076276,3.7,0,,CHEMBL1153179,CNC[C@H](CC1CCCCC1)NC(=O)N1CCC[C@@H]([C@@](O)(CCCNC(=O)OC)c2cccc(Cl)c2)C1,3076275,0.18,0,,CHEMBL1153179,8.431798275933005,9.744727494896694,-1.312929218963689
renin_plasma_vs_trypsin,CHEMBL592765,CNC[C@H](CC1CCCCC1)NC(=O)N1CCC[C@@H]([C@@H](OCCNC(=O)OC)c2cc(F)cc(Cl)c2)C1,3076308,1.5,0,,CHEMBL1153179,CNC[C@H](CC1CCCCC1)NC(=O)N1CCC[C@@H]([C@@H](OCCNC(=O)OC)c2cc(F)cc(Cl)c2)C1,3076307,0.52,0,,CHEMBL1153179,8.823908740944319,9.2839966563652,-0.46008791542088207
renin_plasma_vs_trypsin,CHEMBL604248,CCC(=O)NCCC[C@@](O)(c1cccc(Cl)c1)[C@@H]1CCCN(C(=O)N[C@H](CNC)CC2CCCCC2)C1,3076263,21.0,0,,CHEMBL1153179,CCC(=O)NCCC[C@@](O)(c1cccc(Cl)c1)[C@@H]1CCCN(C(=O)N[C@H](CNC)CC2CCCCC2)C1,3076262,1.5,0,,CHEMBL1153179,7.6777807052660805,8.823908740944319,-1.146128035678238
renin_plasma_vs_trypsin,CHEMBL605408,COC(=O)NCCO[C@@H](c1cccc(Cl)c1)[C@@H]1CCCN(C(=O)N[C@H](CN)CC2CCCCC2)C1,3076288,2.6,0,,CHEMBL1153179,COC(=O)NCCO[C@@H](c1cccc(Cl)c1)[C@@H]1CCCN(C(=O)N[C@H](CN)CC2CCCCC2)C1,3076287,0.48,0,,CHEMBL1153179,8.585026652029182,9.318758762624412,-0.7337321105952308
renin_plasma_vs_trypsin,CHEMBL606238,CNC[C@H](CC1CCCCC1)NC(=O)N1CCC[C@@H]([C@@H](OCCNC(=O)OC)c2cc(F)ccc2F)C1,3076298,2.7,0,,CHEMBL1153179,CNC[C@H](CC1CCCCC1)NC(=O)N1CCC[C@@H]([C@@H](OCCNC(=O)OC)c2cc(F)ccc2F)C1,3076297,0.62,0,,CHEMBL1153179,8.568636235841012,9.207608310501746,-0.6389720746607335
renin_plasma_vs_trypsin,CHEMBL608264,CNC[C@H](CC1CCCCC1)NC(=O)N1CCC[C@@H]([C@@](O)(CCCNC(=O)C2CC2)c2cccc(Cl)c2)C1,3076266,79.0,0,,CHEMBL1153179,CNC[C@H](CC1CCCCC1)NC(=O)N1CCC[C@@H]([C@@](O)(CCCNC(=O)C2CC2)c2cccc(Cl)c2)C1,3076265,17.0,0,,CHEMBL1153179,7.102372908709558,7.769551078621726,-0.6671781699121675
